week,price_A,quantity_A,promo_A,price_B,quantity_B,promo_B
1,2.22,294,1,13.63,355,1
2,1.41,591,0,12.76,333,0
3,1.27,615,0,13.87,355,0
4,1.63,455,0,19.25,311,1
5,1.53,535,0,18.16,306,0
6,1.84,423,0,15.26,326,0
7,1.57,484,0,18.21,304,0
8,1.57,619,1,12.36,337,0
9,1.33,703,0,17.77,314,0
10,1.5,769,1,19.24,294,0
11,2.3,100,0,12.23,356,1
12,1.52,441,0,16.43,319,0
13,2.06,253,0,17.61,342,0
14,2.24,100,0,13.49,329,0
15,2.17,100,0,15.39,312,0
16,1.45,573,0,13.9,318,0
17,1.4,527,0,18.13,316,0
18,1.26,672,0,19.13,309,0
19,1.25,719,0,13.97,317,0
20,1.44,740,1,13.0,348,0
21,2.4,100,1,13.26,310,0
22,1.65,592,1,15.08,311,0
23,2.11,120,0,15.63,315,0
24,1.77,419,0,13.1,334,0
25,1.81,460,1,17.38,300,0
26,2.33,100,0,14.77,347,0
27,1.33,583,0,13.19,352,0
28,1.76,441,0,16.52,320,0
29,1.37,940,1,14.34,331,0
30,1.85,378,0,18.92,306,0
31,1.56,475,0,17.77,322,1
32,1.85,401,0,16.06,342,1
33,2.0,270,0,14.01,343,0
34,1.64,465,0,17.5,320,0
35,1.95,223,0,12.05,335,0
36,1.97,196,0,18.72,285,0
37,1.7,385,0,13.57,307,0
38,1.68,747,1,18.31,312,0
39,1.67,646,1,15.66,311,1
40,1.69,630,1,18.63,299,0
41,1.3,629,0,15.66,339,0
42,1.27,695,0,15.71,327,0
43,1.29,642,0,13.57,334,0
44,2.03,134,0,13.97,333,0
45,1.23,903,1,16.68,327,0
46,1.8,302,0,15.41,333,0
47,1.36,624,0,18.82,292,0
48,1.24,690,0,16.16,302,0
49,1.97,379,1,17.27,301,0
50,1.74,403,0,13.54,331,0
51,2.37,100,0,13.98,363,0
52,1.6,293,0,15.13,327,0
