customerID,tenure,MonthlyCharges,TotalCharges,SupportTickets,Churn
C00000,54,71.25,3871.44,3,0
C00001,56,31.28,1744.16,2,0
C00002,22,15.0,327.23,1,0
C00003,65,84.53,5493.83,3,0
C00004,22,52.04,1134.18,2,1
C00005,52,57.37,2999.22,3,0
C00006,59,56.56,3305.8,4,0
C00007,40,28.5,1213.17,0,0
C00008,33,45.72,1406.08,1,0
C00009,0,44.65,,2,1
C00010,60,104.62,6259.94,4,1
C00011,59,35.71,2100.82,2,0
C00012,56,100.64,5664.11,4,1
C00013,62,15.0,921.7,6,0
C00014,12,97.72,1110.97,5,1
C00015,18,42.5,792.9,5,1
C00016,56,78.28,4309.89,4,0
C00017,1,73.18,118.55,4,1
C00018,56,84.44,4771.25,3,0
C00019,11,62.61,696.0,2,1
C00020,37,120.0,4589.74,4,1
C00021,19,78.76,1475.31,0,1
C00022,9,77.35,669.54,0,1
C00023,56,114.6,6404.44,4,0
C00024,49,46.49,2377.98,2,0
C00025,63,37.14,2355.08,2,0
C00026,13,92.71,1138.96,2,0
C00027,59,30.98,1760.63,1,0
C00028,58,62.25,3590.7,2,0
C00029,33,85.3,2788.32,5,1
C00030,54,72.33,3873.29,2,0
C00031,63,80.81,5054.29,2,0
C00032,22,74.67,1644.02,3,0
C00033,50,51.12,2472.37,1,1
C00034,40,90.0,3573.4,4,1
C00035,4,59.45,224.84,3,0
C00036,52,60.65,3125.54,1,0
C00037,58,71.52,4208.24,2,0
C00038,0,56.51,,3,1
C00039,56,23.21,1341.78,1,0
C00040,16,87.18,1390.46,3,1
C00041,4,37.77,108.72,0,0
C00042,5,95.49,407.18,2,1
C00043,24,63.16,1397.21,1,0
C00044,19,15.0,291.99,0,0
C00045,30,82.59,2429.98,3,0
C00046,40,26.87,1067.23,2,0
C00047,4,35.55,46.69,0,1
C00048,72,68.31,4896.71,5,0
C00049,64,70.65,4448.54,1,0
C00050,1,57.05,196.04,0,0
C00051,34,120.0,3976.45,3,1
C00052,71,47.38,3341.76,0,0
C00053,15,89.3,1434.84,2,1
C00054,46,60.6,2768.08,0,0
C00055,66,42.11,2843.62,2,0
C00056,29,75.59,2219.58,0,0
C00057,50,102.02,5058.59,5,1
C00058,61,57.58,3585.19,0,0
C00059,19,97.08,1918.39,4,0
C00060,41,113.99,4652.55,4,1
C00061,42,92.57,3911.55,3,0
C00062,50,107.99,5423.91,3,1
C00063,19,86.08,1635.91,3,1
C00064,48,15.0,678.13,0,0
C00065,34,62.46,2169.53,2,0
C00066,16,53.8,920.42,2,0
C00067,42,87.96,3674.37,3,1
C00068,56,68.04,3726.12,2,0
C00069,14,104.65,1468.85,4,1
C00070,29,73.88,2085.17,1,0
C00071,71,85.67,6154.82,5,0
C00072,32,15.0,573.87,2,1
C00073,36,61.39,2294.57,0,0
C00074,64,47.76,3035.05,1,1
C00075,1,120.0,150.09,2,1
C00076,33,73.05,2437.57,2,0
C00077,16,44.26,727.19,3,1
C00078,57,86.2,4884.82,3,0
C00079,11,44.63,475.73,1,1
C00080,22,15.0,390.24,2,0
C00081,41,107.84,4425.21,2,0
C00082,66,45.85,2976.47,2,0
C00083,48,28.06,1284.12,2,0
C00084,48,51.53,2465.02,2,0
C00085,18,83.37,1563.21,3,0
C00086,10,57.29,569.56,2,1
C00087,22,75.5,1634.69,0,1
C00088,29,51.74,1428.43,0,0
C00089,62,73.55,4461.5,2,0
C00090,1,40.17,196.75,0,1
C00091,70,101.86,7085.23,3,0
C00092,24,50.26,1185.38,0,0
C00093,40,33.01,1312.34,1,0
C00094,7,33.51,234.92,2,1
C00095,42,28.19,1190.2,1,0
C00096,0,64.76,,1,0
C00097,45,32.4,1583.81,0,0
C00098,33,52.97,1695.82,0,0
C00099,58,34.09,1961.9,0,0
C00100,35,45.22,1556.96,2,1
C00101,16,79.77,1231.02,1,1
C00102,61,51.9,3134.17,0,0
C00103,36,39.1,1306.01,5,1
C00104,40,100.98,4040.2,6,0
C00105,43,43.68,1887.92,2,0
C00106,56,66.96,3715.27,1,0
C00107,18,73.27,1361.33,2,0
C00108,43,37.99,1626.23,1,0
C00109,8,28.74,203.62,1,1
C00110,33,63.11,2056.45,3,0
C00111,43,71.91,3117.74,0,0
C00112,19,49.52,976.45,0,0
C00113,49,76.9,3740.87,1,1
C00114,2,110.26,148.57,3,1
C00115,49,95.24,4661.72,5,0
C00116,7,48.53,397.29,1,1
C00117,49,66.42,3302.67,3,0
C00118,58,15.0,830.2,2,0
C00119,42,83.95,3507.43,6,1
C00120,67,34.78,2420.63,1,0
C00121,68,92.96,6361.03,2,0
C00122,10,24.06,254.68,1,0
C00123,67,49.29,3316.03,2,0
C00124,29,84.5,2429.38,4,1
C00125,58,77.73,4654.63,1,0
C00126,34,43.98,1359.67,1,0
C00127,10,56.87,491.47,0,1
C00128,14,35.39,539.87,3,0
C00129,11,91.26,933.24,2,0
C00130,70,35.77,2429.29,2,0
C00131,51,90.45,4679.83,4,0
C00132,29,105.49,3142.63,4,1
C00133,52,80.41,4148.77,5,0
C00134,25,78.27,1956.21,3,1
C00135,70,31.44,2220.39,0,0
C00136,47,37.14,1741.57,2,1
C00137,55,37.12,1977.94,2,1
C00138,28,74.82,2077.58,1,1
C00139,33,89.4,3020.23,5,1
C00140,35,43.23,1504.51,2,0
C00141,10,53.76,630.77,0,1
C00142,13,30.07,429.99,2,0
C00143,21,107.43,2259.53,2,1
C00144,2,36.93,112.0,2,0
C00145,26,57.13,1396.77,1,0
C00146,25,36.25,951.04,1,0
C00147,63,63.29,4051.26,4,0
C00148,30,45.71,1336.8,0,0
C00149,40,37.27,1369.29,0,0
C00150,50,93.31,4668.24,2,0
C00151,40,15.0,559.27,1,0
C00152,49,96.07,4696.42,3,1
C00153,64,38.78,2499.59,1,0
C00154,55,40.77,2267.04,0,0
C00155,46,60.37,2761.14,4,1
C00156,9,48.48,378.07,0,1
C00157,2,30.29,19.75,2,1
C00158,41,63.75,2693.78,2,0
C00159,50,15.0,702.11,1,0
C00160,59,72.75,4333.69,3,1
C00161,23,79.89,1799.39,3,1
C00162,36,82.85,3017.13,3,0
C00163,18,76.4,1391.21,0,0
C00164,7,21.92,163.86,0,1
C00165,35,120.0,4244.24,3,1
C00166,16,55.74,913.14,1,0
C00167,48,120.0,5757.87,2,1
C00168,41,54.04,2102.23,1,0
C00169,20,46.41,926.33,2,0
C00170,16,37.22,558.51,1,0
C00171,67,66.57,4496.03,0,1
C00172,3,78.53,134.89,1,1
C00173,27,115.97,3063.09,3,0
C00174,6,15.0,229.01,1,1
C00175,45,49.49,2163.96,1,0
C00176,8,103.33,788.34,2,1
C00177,9,81.19,686.24,2,1
C00178,14,73.55,1090.84,2,0
C00179,68,15.0,1040.56,3,0
C00180,59,112.13,6689.91,6,0
C00181,26,77.03,2000.0,2,0
C00182,40,90.54,3728.23,2,0
C00183,22,51.57,1065.29,0,0
C00184,5,75.85,418.26,0,1
C00185,26,42.03,1158.13,0,0
C00186,23,47.02,1037.86,0,1
C00187,3,78.61,268.74,3,1
C00188,29,84.84,2508.29,4,0
C00189,6,44.98,234.81,0,1
C00190,46,68.7,3133.74,1,0
C00191,5,105.97,428.18,4,1
C00192,54,62.13,3382.31,2,0
C00193,22,79.01,1679.57,2,1
C00194,71,50.37,3515.29,4,1
C00195,12,57.31,648.32,0,1
C00196,49,78.53,3838.26,2,0
C00197,56,115.04,6387.26,5,1
C00198,70,76.96,5358.46,0,0
C00199,55,86.81,4779.51,5,1
C00200,69,51.6,3478.37,1,0
C00201,3,93.29,219.45,3,1
C00202,63,62.7,3878.46,0,0
C00203,54,113.82,6206.52,5,1
C00204,35,87.03,3001.69,3,1
C00205,50,48.15,2423.96,0,0
C00206,16,81.24,1432.83,4,1
C00207,12,80.78,881.77,4,0
C00208,70,76.44,5264.35,2,0
C00209,23,85.82,2000.2,3,0
C00210,24,76.48,1853.33,2,1
C00211,25,105.05,2775.7,2,1
C00212,51,15.0,753.33,3,1
C00213,2,93.3,244.0,3,1
C00214,28,60.29,1580.64,1,1
C00215,49,63.09,2997.93,2,0
C00216,63,87.25,5492.48,3,0
C00217,17,66.63,1139.0,3,1
C00218,70,85.24,5951.93,2,0
C00219,40,63.36,2476.03,1,0
C00220,35,35.78,1268.28,3,0
C00221,7,74.03,470.02,1,1
C00222,51,76.31,3837.08,1,0
C00223,14,32.63,356.02,2,1
C00224,29,65.66,1915.21,0,0
C00225,43,102.59,4440.24,4,1
C00226,16,80.16,1295.51,4,1
C00227,1,74.81,115.55,0,1
C00228,15,78.81,1116.55,1,1
C00229,48,35.46,1678.32,1,0
C00230,61,24.57,1461.85,1,0
C00231,38,37.73,1301.44,1,0
C00232,70,66.28,4741.98,0,0
C00233,37,64.05,2455.62,3,0
C00234,26,48.9,1321.12,0,0
C00235,8,15.0,112.3,2,1
C00236,30,95.46,2814.37,3,0
C00237,11,58.46,563.82,2,0
C00238,7,71.17,590.33,2,0
C00239,35,45.79,1575.87,4,0
C00240,43,94.13,4081.94,3,0
C00241,7,60.12,383.78,2,0
C00242,12,94.4,1131.05,3,1
C00243,32,74.6,2405.01,1,0
C00244,8,24.49,125.58,4,1
C00245,45,49.63,2249.6,3,0
C00246,42,31.54,1314.94,1,0
C00247,52,72.11,3839.88,2,0
C00248,14,69.19,956.94,4,1
C00249,58,76.25,4448.41,0,0
C00250,19,24.09,436.58,4,0
C00251,16,69.51,1041.04,1,1
C00252,34,57.35,1932.5,0,0
C00253,60,34.87,2081.39,0,0
C00254,12,43.55,728.62,1,0
C00255,68,40.11,2674.23,2,0
C00256,61,69.61,4322.3,2,0
C00257,54,82.5,4396.0,3,0
C00258,9,44.78,514.73,2,1
C00259,20,42.26,931.81,0,1
C00260,10,77.85,752.54,3,1
C00261,51,100.81,5180.21,4,1
C00262,20,59.98,1242.57,0,0
C00263,45,68.34,3250.92,4,1
C00264,35,68.49,2383.71,6,1
C00265,54,88.71,4795.58,3,0
C00266,6,31.96,290.42,1,0
C00267,62,83.6,5260.45,3,0
C00268,25,53.86,1245.45,2,1
C00269,7,78.64,549.37,3,1
C00270,58,112.32,6558.87,4,1
C00271,30,94.37,2967.6,3,0
C00272,35,64.55,2227.92,1,1
C00273,53,104.92,5543.33,3,0
C00274,5,78.85,482.89,1,1
C00275,43,15.0,571.5,3,0
C00276,68,48.55,3340.09,1,0
C00277,9,86.21,726.62,3,0
C00278,44,58.96,2667.99,1,1
C00279,12,54.72,716.7,2,1
C00280,66,53.48,3546.34,0,0
C00281,50,33.48,1685.9,1,0
C00282,52,88.31,4550.87,5,0
C00283,49,71.79,3587.17,0,0
C00284,1,52.86,116.21,1,0
C00285,26,91.3,2357.99,4,0
C00286,21,36.26,789.34,3,1
C00287,48,20.79,1029.8,1,0
C00288,44,68.55,2970.62,1,0
C00289,12,88.13,1031.0,3,1
C00290,68,20.88,1425.89,0,0
C00291,69,48.73,3387.62,0,0
C00292,71,104.88,7460.01,4,0
C00293,36,40.97,1456.09,1,1
C00294,28,44.83,1270.48,0,1
C00295,13,85.72,1086.98,4,1
C00296,9,55.25,545.01,2,0
C00297,68,15.0,994.79,0,0
C00298,49,85.82,4143.55,2,0
C00299,42,120.0,5081.93,3,1
C00300,63,89.69,5667.76,3,0
C00301,12,56.5,733.09,2,0
C00302,44,57.86,2439.99,0,0
C00303,45,73.62,3374.31,3,1
C00304,43,49.11,2021.32,3,0
C00305,34,26.02,869.7,2,0
C00306,72,94.8,6847.11,3,0
C00307,39,101.42,3920.77,4,1
C00308,31,89.96,2818.98,3,1
C00309,35,50.74,1801.34,2,0
C00310,29,41.09,1157.49,0,1
C00311,23,41.97,948.03,2,1
C00312,9,51.09,316.3,0,0
C00313,65,81.58,5363.42,3,0
C00314,31,38.94,1224.69,1,0
C00315,51,23.32,1247.9,1,0
C00316,23,81.46,1861.69,4,0
C00317,64,81.15,5162.21,4,0
C00318,24,81.78,1814.09,2,1
C00319,12,59.82,663.47,3,0
C00320,69,60.48,4116.62,4,1
C00321,45,15.0,609.95,2,0
C00322,29,111.24,3225.12,2,1
C00323,71,57.65,4057.91,3,0
C00324,9,68.69,562.97,3,1
C00325,69,60.84,4165.67,2,1
C00326,28,31.92,1037.12,0,0
C00327,29,69.98,1992.94,2,0
C00328,19,90.35,1719.06,3,1
C00329,53,20.61,1017.54,3,0
C00330,15,54.29,774.54,2,0
C00331,70,65.96,4667.21,1,0
C00332,71,31.32,2276.8,1,0
C00333,41,74.5,3124.01,1,0
C00334,14,79.01,1155.21,3,0
C00335,57,67.86,3870.18,2,0
C00336,36,100.24,3585.68,4,0
C00337,63,42.94,2797.66,0,0
C00338,39,61.85,2418.65,0,0
C00339,28,29.82,782.15,0,0
C00340,29,99.87,2851.09,3,1
C00341,5,77.3,349.57,5,1
C00342,40,91.61,3714.39,4,1
C00343,23,77.06,1789.61,4,1
C00344,45,42.0,1943.5,2,0
C00345,43,43.58,1854.47,2,0
C00346,1,93.03,80.88,4,1
C00347,15,24.36,386.12,1,0
C00348,29,51.85,1536.45,3,0
C00349,44,86.74,3828.9,2,0
C00350,34,86.11,2973.06,4,0
C00351,8,107.07,836.84,7,1
C00352,23,92.68,2091.33,4,1
C00353,18,20.89,384.78,3,1
C00354,36,67.35,2464.32,1,1
C00355,3,64.02,169.03,2,1
C00356,62,81.87,5060.34,2,0
C00357,28,21.26,683.93,3,0
C00358,1,63.66,18.18,0,1
C00359,46,88.84,3975.7,2,1
C00360,12,66.96,863.33,2,0
C00361,51,35.3,1796.03,1,0
C00362,29,102.41,2978.91,3,1
C00363,28,39.52,987.86,3,0
C00364,20,30.96,646.62,2,0
C00365,32,98.49,3158.42,3,1
C00366,33,62.3,2118.33,3,0
C00367,42,84.6,3552.04,3,0
C00368,22,40.23,821.78,2,1
C00369,26,42.88,1137.43,0,0
C00370,67,66.14,4415.96,1,0
C00371,20,74.02,1365.51,0,0
C00372,57,40.86,2358.38,2,0
C00373,43,38.76,1627.81,3,0
C00374,61,89.73,5451.13,3,0
C00375,15,82.09,1169.88,5,1
C00376,61,51.92,3151.6,2,0
C00377,41,57.86,2318.64,3,0
C00378,27,120.0,3311.15,3,1
C00379,6,42.69,313.13,0,0
C00380,68,27.21,1847.78,3,0
C00381,38,67.87,2517.16,0,0
C00382,11,59.37,628.65,4,0
C00383,22,99.12,2204.8,3,0
C00384,68,38.54,2703.5,1,0
C00385,46,22.73,1056.04,1,0
C00386,28,85.72,2353.49,3,1
C00387,4,58.56,286.47,1,0
C00388,63,72.7,4574.25,1,0
C00389,19,71.97,1445.4,2,1
C00390,38,77.29,2985.59,3,1
C00391,57,84.83,4829.92,5,1
C00392,21,56.75,1103.02,1,0
C00393,70,77.65,5498.52,1,0
C00394,63,71.39,4452.36,4,1
C00395,67,86.32,5778.55,2,0
C00396,10,50.72,509.49,0,1
C00397,52,15.0,713.94,3,0
C00398,70,15.84,1111.35,3,0
C00399,3,38.17,159.99,1,0
C00400,52,67.56,3355.76,0,0
C00401,47,29.92,1393.97,3,0
C00402,11,46.75,473.83,1,1
C00403,26,42.26,1113.41,1,1
C00404,56,78.29,4335.95,1,0
C00405,34,42.04,1461.67,1,0
C00406,27,83.62,2276.29,3,0
C00407,15,30.58,432.42,1,0
C00408,13,120.0,1495.98,3,1
C00409,6,32.56,197.08,0,0
C00410,59,120.0,7003.95,2,0
C00411,12,60.34,760.85,2,0
C00412,7,62.54,520.4,0,1
C00413,15,30.98,404.89,3,0
C00414,41,120.0,4986.33,3,0
C00415,67,42.71,2740.35,3,0
C00416,48,48.16,2353.14,0,0
C00417,12,50.29,567.58,1,1
C00418,0,37.4,,2,1
C00419,38,32.63,1304.3,1,0
C00420,66,19.14,1197.51,3,0
C00421,58,72.28,4191.81,2,0
C00422,46,69.77,3257.44,2,0
C00423,12,44.63,437.14,1,1
C00424,52,48.3,2528.78,1,0
C00425,51,87.84,4480.68,2,0
C00426,45,55.41,2474.45,2,0
C00427,30,93.74,2864.55,3,0
C00428,57,42.66,2414.6,1,0
C00429,58,35.51,2094.67,2,0
C00430,33,74.29,2489.01,2,0
C00431,29,82.01,2320.3,4,0
C00432,70,90.93,6356.59,5,0
C00433,17,60.54,1054.76,2,0
C00434,13,49.11,553.82,0,0
C00435,36,15.0,557.87,0,0
C00436,1,88.49,65.28,4,1
C00437,18,68.02,1221.48,1,1
C00438,12,59.39,747.36,1,1
C00439,50,78.61,3943.66,2,0
C00440,55,15.0,768.59,3,0
C00441,33,75.63,2593.92,1,0
C00442,6,82.07,596.67,4,1
C00443,45,96.87,4323.16,3,1
C00444,42,38.12,1675.06,2,0
C00445,48,87.63,4177.66,4,0
C00446,10,81.62,797.81,6,1
C00447,12,64.32,763.56,1,1
C00448,64,50.78,3253.23,1,0
C00449,21,80.49,1648.6,7,1
C00450,36,15.0,521.6,0,0
C00451,27,75.85,1998.64,3,1
C00452,59,73.06,4243.55,0,0
C00453,48,120.0,5816.26,2,0
C00454,70,56.33,4009.49,1,0
C00455,33,44.13,1414.66,1,0
C00456,17,43.8,774.55,3,0
C00457,65,66.51,4379.46,1,0
C00458,23,75.85,1728.95,3,1
C00459,42,15.0,590.73,2,0
C00460,18,93.14,1744.9,4,1
C00461,37,28.21,969.05,1,0
C00462,12,37.23,423.88,0,0
C00463,9,17.02,71.64,0,1
C00464,10,82.07,751.5,3,1
C00465,22,70.64,1600.9,2,1
C00466,56,101.64,5651.98,4,0
C00467,69,82.38,5621.17,3,0
C00468,33,69.52,2339.02,1,0
C00469,35,81.79,2873.23,3,1
C00470,54,70.96,3891.02,1,1
C00471,67,36.78,2471.75,4,0
C00472,59,113.06,6640.49,3,1
C00473,63,35.16,2227.06,0,0
C00474,64,83.84,5269.76,4,0
C00475,72,46.59,3380.39,1,0
C00476,51,48.66,2481.34,2,0
C00477,37,107.93,4048.93,2,0
C00478,14,56.72,777.83,1,0
C00479,66,92.4,6197.57,4,0
C00480,48,96.5,4592.84,5,0
C00481,50,82.46,4108.3,3,0
C00482,2,120.0,300.51,5,1
C00483,4,51.41,107.41,2,1
C00484,5,39.78,265.3,1,1
C00485,71,90.15,6351.91,4,0
C00486,46,48.81,2316.94,3,1
C00487,36,78.2,2830.56,2,0
C00488,32,39.53,1361.28,0,0
C00489,46,30.0,1415.81,0,0
C00490,71,39.93,2910.19,1,0
C00491,16,83.32,1421.93,3,0
C00492,32,54.5,1705.83,3,0
C00493,21,92.77,1999.04,5,1
C00494,19,94.78,1770.19,5,1
C00495,71,110.7,7873.99,2,0
C00496,63,15.0,976.78,4,0
C00497,26,37.03,875.8,0,0
C00498,9,81.86,878.21,4,1
C00499,23,97.3,2197.96,4,0
C00500,13,64.43,771.13,1,0
C00501,23,76.89,1775.86,1,0
C00502,38,72.25,2714.07,3,0
C00503,1,91.22,112.79,5,1
C00504,46,15.0,655.84,0,0
C00505,9,101.08,998.49,2,0
C00506,6,22.35,193.03,3,0
C00507,47,97.77,4595.23,5,0
C00508,8,84.53,637.38,3,0
C00509,50,17.98,921.67,1,0
C00510,43,15.0,663.08,5,0
C00511,33,40.98,1390.89,3,0
C00512,23,57.33,1379.86,1,1
C00513,58,53.84,3037.81,2,0
C00514,20,102.83,2063.31,3,1
C00515,35,89.35,3083.79,2,0
C00516,2,61.3,143.16,0,0
C00517,56,43.13,2457.96,2,0
C00518,7,70.08,427.6,3,1
C00519,17,41.71,715.17,2,0
C00520,16,96.0,1620.02,3,0
C00521,36,92.19,3356.16,4,1
C00522,55,41.0,2294.58,1,0
C00523,41,72.15,2957.28,3,0
C00524,68,102.15,6922.78,3,0
C00525,38,15.0,565.16,2,0
C00526,46,81.52,3676.95,4,0
C00527,70,73.64,5062.77,4,1
C00528,44,101.66,4487.21,5,1
C00529,20,120.0,2334.42,5,1
C00530,35,49.79,1738.91,1,0
C00531,48,51.58,2430.22,1,0
C00532,64,74.24,4742.49,2,0
C00533,11,49.97,537.41,1,1
C00534,23,61.41,1415.26,4,1
C00535,45,97.04,4441.76,2,1
C00536,59,108.65,6417.58,3,0
C00537,10,82.93,1019.15,3,1
C00538,21,70.55,1414.16,3,0
C00539,59,59.75,3596.0,3,0
C00540,27,72.49,1872.0,1,1
C00541,53,61.34,3274.45,1,0
C00542,6,103.94,630.73,2,0
C00543,31,43.85,1325.21,0,0
C00544,19,54.31,1121.9,0,0
C00545,35,79.3,2773.74,0,0
C00546,71,19.21,1358.75,1,0
C00547,18,109.48,2013.86,4,0
C00548,48,44.97,2214.92,1,0
C00549,62,28.15,1739.49,1,0
C00550,8,54.95,433.75,1,1
C00551,29,70.3,2135.49,0,0
C00552,46,40.93,1787.88,0,0
C00553,49,78.4,3786.12,1,1
C00554,56,95.49,5392.61,6,1
C00555,21,81.44,1718.0,3,0
C00556,14,51.76,773.86,1,0
C00557,2,32.36,148.22,1,0
C00558,63,69.99,4374.37,3,0
C00559,34,35.91,1180.58,1,1
C00560,15,102.64,1577.31,5,0
C00561,12,56.54,799.54,3,1
C00562,68,120.0,8195.45,3,0
C00563,60,55.34,3326.88,0,0
C00564,13,69.42,900.13,1,1
C00565,20,55.81,1057.11,4,0
C00566,46,71.32,3349.43,0,0
C00567,54,120.0,6499.94,2,0
C00568,56,99.06,5492.27,2,0
C00569,60,41.96,2488.92,1,0
C00570,64,67.55,4368.16,3,0
C00571,8,87.23,677.83,6,1
C00572,3,105.7,341.56,2,0
C00573,14,93.21,1327.96,4,0
C00574,1,47.02,15.0,3,1
C00575,53,109.72,5884.69,3,0
C00576,54,80.71,4334.11,3,1
C00577,37,85.97,3237.15,3,0
C00578,65,74.03,4861.4,0,0
C00579,23,79.77,1861.28,2,0
C00580,66,60.05,3967.51,1,0
C00581,56,34.03,1900.54,5,1
C00582,18,50.87,980.86,3,0
C00583,58,105.49,6051.63,4,0
C00584,67,46.14,3104.53,1,0
C00585,24,25.24,671.64,5,0
C00586,50,88.5,4596.0,2,0
C00587,3,62.29,122.2,3,0
C00588,51,44.81,2270.08,2,0
C00589,41,66.56,2749.48,0,1
C00590,4,67.11,312.78,3,1
C00591,25,37.82,982.65,1,0
C00592,33,84.19,2707.64,5,1
C00593,71,45.47,3166.57,2,0
C00594,7,96.73,685.84,3,1
C00595,51,87.58,4479.92,4,0
C00596,2,105.47,150.25,3,1
C00597,67,39.71,2756.17,0,0
C00598,19,83.6,1605.24,3,1
C00599,8,89.99,710.64,3,1
C00600,35,61.08,2137.21,0,0
C00601,62,71.63,4425.75,2,0
C00602,8,34.42,304.47,0,0
C00603,59,63.75,3694.79,1,0
C00604,14,61.88,880.75,1,0
C00605,0,48.73,,4,1
C00606,51,90.04,4596.66,2,1
C00607,17,40.46,629.93,0,0
C00608,9,58.53,496.73,4,0
C00609,42,72.51,2982.13,3,1
C00610,13,59.59,838.88,2,0
C00611,27,17.49,403.95,4,0
C00612,4,47.46,206.07,2,0
C00613,37,69.35,2437.58,3,0
C00614,13,15.0,218.26,3,0
C00615,8,60.73,366.59,2,1
C00616,29,69.23,2010.38,2,1
C00617,23,113.53,2680.58,2,1
C00618,47,84.26,3922.27,3,0
C00619,38,75.44,2824.7,0,1
C00620,45,25.38,1187.31,1,0
C00621,42,32.47,1232.29,4,0
C00622,48,62.06,2933.91,2,0
C00623,28,96.82,2767.49,4,1
C00624,18,77.97,1342.52,4,0
C00625,5,52.18,184.05,1,1
C00626,27,51.59,1389.26,0,0
C00627,63,52.75,3316.3,2,0
C00628,70,67.75,4767.76,1,0
C00629,43,37.2,1616.39,2,0
C00630,59,56.29,3387.92,1,0
C00631,8,18.45,35.35,4,1
C00632,61,15.0,884.79,1,0
C00633,41,65.85,2634.91,1,0
C00634,14,96.68,1304.73,5,1
C00635,31,58.48,1761.51,2,0
C00636,66,91.17,6031.23,2,0
C00637,9,105.77,926.87,3,1
C00638,38,51.04,1931.71,1,0
C00639,25,31.96,764.51,0,0
C00640,22,49.24,990.77,1,1
C00641,63,63.62,3953.33,4,0
C00642,16,29.37,409.88,1,0
C00643,25,34.43,847.51,0,0
C00644,15,60.21,936.48,0,1
C00645,22,54.43,1165.39,1,0
C00646,56,88.86,4924.85,2,1
C00647,8,77.13,552.07,3,1
C00648,33,114.34,3825.3,3,1
C00649,58,90.96,5345.58,4,0
C00650,38,57.39,2272.25,3,1
C00651,52,67.41,3414.8,2,0
C00652,31,80.19,2477.92,5,1
C00653,16,69.7,1188.03,2,0
C00654,25,92.21,2305.21,2,1
C00655,29,19.24,579.87,1,0
C00656,47,16.52,825.07,2,0
C00657,34,79.97,2649.45,2,1
C00658,69,60.37,4202.07,5,0
C00659,46,70.41,3285.86,0,0
C00660,49,50.55,2479.69,0,0
C00661,32,100.2,3211.67,5,0
C00662,22,83.29,1803.01,3,1
C00663,25,32.91,726.46,0,1
C00664,49,77.18,3816.25,1,0
C00665,21,59.29,1206.28,2,1
C00666,21,41.07,839.89,3,1
C00667,6,117.98,700.76,6,1
C00668,66,15.0,973.32,1,0
C00669,18,23.73,348.19,3,0
C00670,26,49.61,1270.45,3,0
C00671,68,55.23,3780.03,3,0
C00672,12,37.78,442.29,3,1
C00673,69,109.95,7626.02,2,0
C00674,39,90.44,3559.49,5,1
C00675,54,29.47,1615.39,1,0
C00676,35,63.9,2299.12,0,0
C00677,54,64.11,3424.8,2,0
C00678,17,55.43,952.4,0,0
C00679,50,43.98,2149.1,0,0
C00680,13,69.95,912.15,2,1
C00681,25,69.84,1874.35,2,0
C00682,27,84.83,2319.78,3,1
C00683,38,26.08,1001.86,1,0
C00684,60,66.37,4016.14,2,0
C00685,42,50.09,2135.34,2,0
C00686,30,35.32,1082.37,1,0
C00687,44,20.21,836.18,0,0
C00688,17,56.26,910.88,3,0
C00689,17,64.67,1094.76,2,1
C00690,67,69.21,4685.21,3,0
C00691,33,94.13,3113.71,2,0
C00692,38,106.55,4068.14,3,1
C00693,24,83.18,2078.78,4,1
C00694,35,104.2,3552.48,2,0
C00695,50,56.63,2783.04,1,0
C00696,18,95.04,1641.49,2,0
C00697,39,68.81,2723.19,3,1
C00698,3,66.13,162.33,1,1
C00699,66,65.56,4293.02,1,0
C00700,41,89.81,3763.08,5,1
C00701,15,51.83,798.12,1,1
C00702,5,69.99,331.27,2,1
C00703,35,89.27,3161.26,3,0
C00704,71,52.83,3768.2,1,0
C00705,47,44.66,2094.64,0,0
C00706,16,59.82,927.88,0,0
C00707,66,120.0,7944.61,4,0
C00708,69,29.96,2110.06,1,0
C00709,15,116.7,1773.19,4,1
C00710,55,39.38,2197.62,0,0
C00711,6,96.09,590.65,3,1
C00712,3,86.22,245.14,4,1
C00713,64,68.64,4353.89,3,0
C00714,60,85.62,5144.08,4,0
C00715,40,46.94,1908.28,1,0
C00716,8,108.85,786.25,4,1
C00717,62,69.76,4357.4,1,0
C00718,51,32.74,1633.03,0,0
C00719,70,98.71,6854.43,4,0
C00720,64,80.83,5158.34,5,1
C00721,66,42.09,2716.28,1,0
C00722,71,62.7,4438.66,2,0
C00723,34,26.05,878.88,1,1
C00724,55,61.92,3411.36,2,0
C00725,31,63.31,1971.55,2,0
C00726,70,71.67,5056.73,0,0
C00727,47,100.34,4742.95,6,1
C00728,42,46.44,2034.84,1,0
C00729,67,63.87,4251.65,1,0
C00730,44,25.71,1111.58,1,0
C00731,53,100.5,5406.3,2,0
C00732,41,60.56,2549.96,0,0
C00733,14,120.0,1675.19,4,1
C00734,44,52.91,2297.44,1,0
C00735,14,75.35,1087.84,2,1
C00736,0,84.19,,4,1
C00737,12,80.33,872.77,3,1
C00738,49,59.53,2891.94,2,0
C00739,71,56.33,4010.53,3,0
C00740,30,73.89,2260.08,3,0
C00741,1,67.6,51.34,1,0
C00742,44,110.44,4834.01,2,0
C00743,29,18.74,578.13,3,0
C00744,52,26.77,1408.07,0,0
C00745,34,43.25,1444.32,2,0
C00746,35,55.37,1993.53,0,0
C00747,29,42.77,1294.05,1,1
C00748,49,45.33,2177.85,0,0
C00749,11,24.97,122.47,0,1
C00750,33,67.4,2274.46,4,0
C00751,5,110.79,651.34,4,1
C00752,24,57.67,1385.82,1,0
C00753,43,48.33,2107.44,2,1
C00754,57,44.52,2607.3,1,0
C00755,63,73.07,4521.29,0,0
C00756,67,27.28,1826.3,3,0
C00757,43,54.4,2344.28,3,0
C00758,19,59.95,1102.21,1,0
C00759,13,87.1,1234.79,4,1
C00760,7,65.46,436.43,4,1
C00761,52,87.01,4435.65,3,0
C00762,71,83.92,5984.02,4,0
C00763,71,70.15,5011.16,1,0
C00764,0,55.45,,1,1
C00765,71,54.06,3931.12,1,0
C00766,57,30.27,1772.9,4,0
C00767,31,66.98,2041.81,0,0
C00768,54,64.18,3442.27,1,0
C00769,50,82.47,4163.82,3,1
C00770,72,72.07,5188.9,2,0
C00771,10,89.71,958.73,5,1
C00772,64,62.44,3932.49,1,0
C00773,61,81.97,4918.62,2,0
C00774,31,114.91,3617.05,4,0
C00775,64,93.88,6008.17,4,0
C00776,55,106.47,5838.83,3,1
C00777,17,58.58,1050.24,1,0
C00778,63,67.14,4253.77,0,0
C00779,44,74.95,3319.92,1,0
C00780,52,55.55,2993.62,2,1
C00781,61,70.47,4245.47,3,0
C00782,24,84.12,2005.75,3,1
C00783,36,53.53,1878.24,2,1
C00784,35,15.0,516.82,1,1
C00785,36,82.71,2995.87,4,0
C00786,65,84.47,5554.02,4,0
C00787,67,73.24,4849.9,3,0
C00788,1,91.74,15.0,2,0
C00789,59,35.38,2013.44,0,0
C00790,47,57.13,2844.97,0,0
C00791,16,48.37,707.77,1,1
C00792,72,40.21,2900.52,1,0
C00793,10,63.4,532.04,1,1
C00794,18,58.77,1138.24,3,1
C00795,43,98.37,4238.55,4,1
C00796,59,15.0,849.59,1,0
C00797,47,61.5,2916.11,2,1
C00798,21,102.19,2075.75,4,1
C00799,52,78.75,4108.83,0,0
C00800,37,65.9,2439.91,2,1
C00801,64,31.29,1836.21,3,0
C00802,43,81.21,3544.85,2,0
C00803,34,94.61,3130.55,4,1
C00804,12,93.07,1134.64,4,1
C00805,31,25.33,746.05,2,0
C00806,60,42.44,2446.99,2,0
C00807,14,26.3,378.97,3,1
C00808,30,120.0,3547.8,3,0
C00809,55,52.28,2967.7,6,1
C00810,13,65.05,841.37,2,1
C00811,34,86.81,2956.41,2,0
C00812,2,41.57,134.49,2,1
C00813,42,71.37,2986.06,1,0
C00814,24,21.93,582.43,2,0
C00815,15,23.58,305.36,3,1
C00816,15,71.0,1038.46,0,1
C00817,26,120.0,3059.36,4,0
C00818,33,27.78,971.18,2,0
C00819,23,81.26,1843.07,2,0
C00820,12,109.33,1345.58,3,0
C00821,7,71.54,460.47,2,1
C00822,18,74.99,1334.37,1,0
C00823,51,79.24,4007.24,5,1
C00824,39,37.85,1391.8,3,0
C00825,43,64.38,2847.15,2,0
C00826,14,79.59,1096.7,2,0
C00827,24,55.44,1336.56,0,0
C00828,41,71.16,2952.36,2,0
C00829,65,44.04,2832.96,3,0
C00830,40,22.5,913.39,3,1
C00831,62,45.26,2873.04,2,0
C00832,71,65.14,4599.37,2,0
C00833,12,61.95,761.65,2,0
C00834,11,93.15,947.29,6,1
C00835,39,79.67,2980.81,0,0
C00836,65,41.99,2788.66,2,0
C00837,26,86.37,2220.48,2,0
C00838,6,66.41,441.1,2,1
C00839,10,94.22,966.86,2,1
C00840,55,69.0,3831.3,0,0
C00841,63,43.92,2721.63,2,0
C00842,23,68.77,1532.26,0,0
C00843,26,60.23,1579.43,4,1
C00844,60,95.06,5664.81,2,0
C00845,64,78.51,4988.09,1,0
C00846,51,93.46,4778.13,6,0
C00847,43,67.47,2880.84,0,0
C00848,52,99.57,5008.54,6,1
C00849,51,78.81,3923.74,2,0
C00850,43,67.82,2962.96,1,0
C00851,13,37.86,483.58,1,0
C00852,21,47.77,942.71,2,0
C00853,16,56.42,755.0,2,0
C00854,40,24.55,984.24,0,0
C00855,31,96.28,3013.72,7,1
C00856,54,41.98,2224.83,1,0
C00857,29,53.67,1561.47,0,0
C00858,37,73.92,2685.79,0,1
C00859,62,94.82,5915.97,2,0
C00860,0,63.85,,3,1
C00861,61,63.52,3963.46,0,0
C00862,52,43.41,2259.24,1,0
C00863,16,95.46,1500.22,4,1
C00864,36,80.21,2867.33,3,1
C00865,14,81.2,1145.89,2,1
C00866,16,120.0,1991.58,5,1
C00867,12,83.6,1006.53,4,1
C00868,46,87.69,4072.69,4,0
C00869,38,49.38,1845.48,3,1
C00870,5,35.18,191.78,0,0
C00871,45,79.87,3677.66,2,0
C00872,68,59.28,4082.47,1,0
C00873,13,53.64,707.02,1,0
C00874,33,78.44,2579.91,1,0
C00875,48,47.78,2220.8,2,0
C00876,24,95.65,2276.44,4,1
C00877,65,73.45,4677.19,1,0
C00878,56,34.42,1908.7,2,0
C00879,13,40.41,328.71,0,0
C00880,22,33.79,806.83,1,0
C00881,59,15.0,719.01,3,0
C00882,66,53.58,3583.15,1,0
C00883,56,71.95,3931.97,1,0
C00884,20,101.03,2008.7,5,1
C00885,64,52.66,3373.13,1,0
C00886,21,42.92,818.14,0,0
C00887,8,33.71,145.38,0,1
C00888,37,106.08,3832.5,3,0
C00889,33,84.05,2803.7,2,1
C00890,68,77.01,5248.43,0,0
C00891,12,94.23,1105.4,4,1
C00892,34,49.85,1707.47,2,1
C00893,71,92.07,6507.54,3,0
C00894,67,45.66,3188.05,1,0
C00895,37,57.79,2181.64,1,0
C00896,1,27.38,15.0,1,1
C00897,37,80.24,2994.99,3,1
C00898,23,15.0,393.35,3,0
C00899,44,70.74,3213.6,2,1
C00900,22,39.84,866.5,0,0
C00901,24,78.43,1836.63,2,0
C00902,43,89.63,3841.52,4,1
C00903,51,82.67,4220.07,2,0
C00904,55,92.81,5077.18,3,1
C00905,60,38.94,2366.36,5,0
C00906,46,81.39,3625.57,3,0
C00907,29,58.9,1707.74,1,0
C00908,47,71.62,3325.99,3,0
C00909,65,73.22,4809.18,3,0
C00910,17,45.4,794.59,4,0
C00911,24,93.23,2160.97,3,1
C00912,58,67.89,3971.03,1,0
C00913,18,64.41,1151.5,1,0
C00914,17,22.08,355.75,1,0
C00915,16,40.66,654.27,4,0
C00916,23,42.85,1053.68,0,0
C00917,60,76.02,4566.05,2,0
C00918,27,21.78,582.77,3,1
C00919,0,77.91,,1,1
C00920,29,100.09,2977.93,4,0
C00921,12,15.99,123.17,2,0
C00922,63,51.89,3388.17,1,0
C00923,41,86.9,3601.26,4,0
C00924,61,80.0,4940.09,5,0
C00925,54,67.09,3772.31,0,0
C00926,44,45.41,2030.71,2,0
C00927,9,69.17,546.49,1,0
C00928,49,52.79,2557.01,1,0
C00929,67,66.8,4372.01,3,0
C00930,60,35.42,2175.92,2,0
C00931,62,79.76,4896.69,3,0
C00932,72,83.96,6042.42,5,0
C00933,3,61.88,167.07,0,0
C00934,41,25.61,953.1,2,0
C00935,68,57.53,3947.41,1,0
C00936,63,89.13,5565.53,3,0
C00937,63,61.8,3909.32,1,0
C00938,66,85.1,5651.99,3,0
C00939,51,87.25,4426.61,2,0
C00940,71,90.56,6302.36,2,0
C00941,36,61.41,2183.68,3,0
C00942,35,76.96,2634.36,0,0
C00943,64,97.79,6364.35,5,0
C00944,37,48.15,1707.12,0,1
C00945,70,54.22,3748.53,4,0
C00946,71,79.11,5550.37,1,0
C00947,41,63.26,2396.25,1,1
C00948,62,49.67,3117.24,1,0
C00949,46,75.27,3539.64,3,1
C00950,62,74.04,4526.86,1,0
C00951,41,89.54,3710.51,4,0
C00952,16,22.57,354.98,1,0
C00953,0,22.58,,1,1
C00954,69,48.83,3352.04,5,0
C00955,64,35.54,2312.65,1,0
C00956,55,80.38,4456.03,4,0
C00957,54,66.27,3623.84,1,0
C00958,55,28.15,1470.26,2,0
C00959,41,31.88,1226.95,0,0
C00960,28,45.08,1259.46,1,0
C00961,7,57.28,515.04,1,1
C00962,67,72.13,4760.05,0,1
C00963,25,59.2,1500.02,1,1
C00964,65,65.87,4186.8,2,0
C00965,7,75.15,650.68,3,1
C00966,14,77.69,1072.97,1,0
C00967,51,87.75,4427.73,2,0
C00968,11,61.77,636.32,0,1
C00969,29,66.61,1982.11,1,0
C00970,47,111.74,5316.13,3,1
C00971,0,46.13,,1,0
C00972,31,72.52,2267.28,2,0
C00973,49,80.21,3918.0,3,0
C00974,46,59.48,2788.53,1,0
C00975,51,16.72,866.41,2,0
C00976,72,83.72,6033.04,3,0
C00977,55,49.93,2708.81,1,0
C00978,40,65.76,2549.58,0,0
C00979,34,52.68,1780.37,1,0
C00980,23,72.16,1681.64,1,0
C00981,2,113.83,247.76,4,1
C00982,43,39.97,1730.68,2,0
C00983,51,85.47,4287.29,3,0
C00984,62,120.0,7400.63,2,0
C00985,40,45.13,1745.75,1,0
C00986,4,22.55,176.99,2,1
C00987,4,71.55,336.96,0,1
C00988,13,66.98,835.75,0,0
C00989,17,35.3,546.17,3,0
C00990,18,64.89,1122.25,1,0
C00991,15,75.7,1134.22,4,1
C00992,30,92.05,2763.62,4,1
C00993,4,53.99,308.54,1,0
C00994,29,21.97,648.55,3,0
C00995,1,82.09,81.38,4,1
C00996,9,69.37,669.11,4,1
C00997,59,88.88,5404.86,2,0
C00998,40,102.08,4105.77,4,0
C00999,30,93.02,2744.96,6,1
C01000,42,52.49,2213.77,5,1
C01001,51,120.0,6107.31,5,1
C01002,43,57.46,2512.22,0,0
C01003,60,66.67,4011.64,1,1
C01004,1,15.0,120.99,2,0
C01005,44,66.01,2881.48,4,1
C01006,63,30.19,1824.64,2,1
C01007,45,64.14,2908.66,2,0
C01008,32,81.19,2630.96,4,1
C01009,18,70.35,1264.64,1,0
C01010,12,76.3,821.33,0,1
C01011,54,116.63,6232.54,3,0
C01012,11,36.85,412.28,4,1
C01013,12,36.69,404.55,2,0
C01014,69,46.03,3217.94,0,0
C01015,5,111.74,518.7,3,0
C01016,8,111.56,941.78,3,1
C01017,15,54.32,900.73,2,0
C01018,16,120.0,1842.28,2,1
C01019,35,72.81,2630.64,1,1
C01020,21,77.89,1634.48,1,1
C01021,36,38.04,1342.92,1,0
C01022,31,61.45,2056.61,3,1
C01023,71,109.56,7761.17,5,0
C01024,24,23.65,575.72,1,1
C01025,37,120.0,4420.33,4,0
C01026,48,71.0,3468.86,0,0
C01027,28,103.93,2920.29,4,0
C01028,63,26.44,1675.64,1,0
C01029,55,19.21,1073.93,3,0
C01030,65,43.58,2813.6,2,0
C01031,50,15.0,756.4,2,0
C01032,24,49.26,1141.72,2,0
C01033,50,66.68,3313.38,0,0
C01034,72,118.08,8430.3,2,0
C01035,33,75.48,2547.17,0,0
C01036,37,37.24,1359.86,3,0
C01037,62,22.88,1364.33,3,0
C01038,3,39.32,201.22,2,1
C01039,27,120.0,3258.84,5,1
C01040,32,115.92,3719.19,2,1
C01041,30,16.67,545.57,1,0
C01042,46,55.85,2497.91,2,0
C01043,1,42.76,15.0,1,0
C01044,38,83.02,3129.09,5,0
C01045,45,34.54,1504.21,1,0
C01046,60,85.07,5068.16,2,1
C01047,65,56.23,3646.97,1,0
C01048,42,73.91,3087.23,2,0
C01049,26,47.39,1318.2,1,0
C01050,53,97.99,5260.18,4,1
C01051,29,15.0,319.69,0,0
C01052,11,61.38,729.42,2,1
C01053,64,60.63,3892.85,2,0
C01054,63,65.2,4155.59,1,0
C01055,22,71.12,1604.92,0,1
C01056,12,116.44,1520.67,2,1
C01057,38,77.76,2974.69,1,0
C01058,50,41.79,2038.19,0,0
C01059,54,78.32,4276.62,3,0
C01060,32,70.15,2240.78,3,0
C01061,68,82.21,5633.98,3,0
C01062,49,77.51,4008.61,2,0
C01063,36,71.26,2542.45,1,1
C01064,47,73.86,3561.26,1,0
C01065,43,76.36,3250.35,2,0
C01066,64,101.84,6547.12,3,1
C01067,12,104.35,1254.22,5,1
C01068,6,92.07,553.28,4,1
C01069,71,67.47,4769.61,4,0
C01070,48,75.9,3714.08,3,0
C01071,19,78.64,1414.82,2,0
C01072,60,71.71,4284.76,3,0
C01073,17,22.3,434.57,0,0
C01074,70,72.37,5037.06,2,0
C01075,38,15.0,612.19,1,0
C01076,70,22.06,1483.59,3,0
C01077,64,120.0,7737.42,5,1
C01078,46,69.88,3218.4,1,0
C01079,22,92.01,1944.38,4,1
C01080,37,87.88,3274.75,5,0
C01081,42,100.06,4127.91,3,0
C01082,10,54.68,501.15,2,1
C01083,15,85.69,1357.45,3,0
C01084,62,105.1,6601.42,6,0
C01085,49,113.12,5590.57,5,1
C01086,23,69.19,1630.42,3,0
C01087,42,94.17,3814.52,6,0
C01088,27,40.58,1125.37,1,0
C01089,25,63.44,1541.65,0,1
C01090,52,74.29,3798.7,1,0
C01091,18,31.38,445.36,0,0
C01092,12,55.07,694.26,0,0
C01093,42,64.15,2750.42,2,0
C01094,22,74.43,1689.45,1,1
C01095,35,71.08,2537.33,2,1
C01096,40,82.22,3291.03,3,0
C01097,13,110.04,1466.18,5,1
C01098,10,49.51,415.74,0,0
C01099,32,58.73,1826.44,2,0
C01100,63,80.45,5056.21,3,0
C01101,72,67.69,4882.7,2,1
C01102,7,53.97,287.25,2,1
C01103,26,72.11,2002.1,1,1
C01104,59,67.96,4074.91,2,0
C01105,42,44.72,1910.24,1,0
C01106,24,77.71,1899.92,2,0
C01107,61,87.51,5271.15,4,0
C01108,36,47.87,1626.94,1,0
C01109,11,27.1,294.95,0,0
C01110,69,62.86,4316.94,3,0
C01111,36,62.14,2281.77,1,0
C01112,68,55.57,3872.54,1,0
C01113,36,30.99,1122.14,1,0
C01114,9,102.06,861.45,4,1
C01115,5,66.71,352.83,0,1
C01116,40,58.43,2244.81,2,0
C01117,4,94.51,233.91,5,1
C01118,15,56.21,797.71,1,0
C01119,28,120.0,3284.9,3,1
C01120,57,44.61,2547.43,1,0
C01121,60,76.52,4551.24,5,0
C01122,7,63.23,428.6,0,0
C01123,11,45.51,445.08,0,0
C01124,69,80.55,5458.92,3,0
C01125,60,43.02,2551.84,1,0
C01126,34,105.29,3483.74,3,0
C01127,44,39.93,1721.84,1,0
C01128,53,56.45,2936.66,0,0
C01129,19,76.38,1407.11,4,1
C01130,34,15.0,544.53,2,0
C01131,22,101.51,2219.48,3,0
C01132,50,70.4,3620.16,1,0
C01133,40,64.25,2673.18,2,0
C01134,50,63.8,3078.67,1,0
C01135,10,80.28,839.61,6,1
C01136,9,52.57,494.59,1,0
C01137,49,22.14,1126.06,1,0
C01138,53,85.72,4521.22,4,0
C01139,64,94.9,6172.78,3,0
C01140,50,84.83,4212.79,3,0
C01141,40,52.93,2213.81,0,0
C01142,41,45.78,1910.53,1,0
C01143,29,100.02,2943.16,3,1
C01144,56,23.29,1136.29,3,0
C01145,17,60.49,967.4,2,1
C01146,48,32.88,1661.94,1,0
C01147,65,38.8,2459.52,0,0
C01148,19,57.07,1044.65,2,0
C01149,64,46.99,3063.87,2,0
C01150,21,80.07,1673.29,3,0
C01151,19,109.91,2096.71,3,1
C01152,46,76.3,3414.53,1,0
C01153,20,77.93,1503.72,3,1
C01154,6,115.57,726.84,2,1
C01155,0,52.38,,2,1
C01156,1,66.26,31.62,1,1
C01157,31,89.28,2785.47,4,1
C01158,53,15.0,740.4,0,0
C01159,6,49.05,235.0,2,1
C01160,27,15.0,406.19,1,0
C01161,68,43.39,2950.78,3,0
C01162,22,57.55,1246.79,2,1
C01163,60,64.48,3828.97,1,0
C01164,35,77.97,2719.35,0,1
C01165,47,29.28,1389.03,2,0
C01166,9,88.7,864.79,2,1
C01167,66,66.4,4315.82,1,0
C01168,51,120.0,6111.53,2,1
C01169,27,48.55,1319.69,1,0
C01170,58,102.34,5922.94,4,0
C01171,63,77.51,4776.25,2,0
C01172,10,15.0,22.52,0,0
C01173,29,107.7,3101.58,2,0
C01174,45,23.92,931.23,1,0
C01175,6,52.22,288.49,1,1
C01176,28,63.66,1760.29,0,0
C01177,45,53.81,2493.98,4,0
C01178,23,15.0,302.18,1,0
C01179,63,62.43,3952.38,0,0
C01180,13,58.0,764.77,1,0
C01181,0,65.5,,4,0
C01182,23,75.46,1638.53,1,1
C01183,26,34.04,876.4,1,0
C01184,1,97.39,59.1,6,1
C01185,22,59.63,1278.27,4,0
C01186,52,30.8,1419.78,2,0
C01187,23,76.97,1828.14,3,1
C01188,21,60.28,1181.57,2,1
C01189,33,68.24,2371.72,2,0
C01190,43,40.43,1721.68,4,1
C01191,11,15.0,159.31,1,0
C01192,54,93.94,5076.4,2,0
C01193,54,69.49,3770.26,2,0
C01194,16,104.89,1674.13,6,1
C01195,25,15.32,393.36,2,1
C01196,5,91.88,537.08,3,1
C01197,55,102.2,5631.94,3,0
C01198,29,52.91,1606.88,1,0
C01199,40,15.0,518.4,2,0
C01200,43,119.93,5216.46,2,0
C01201,63,22.2,1315.99,0,0
C01202,15,36.74,597.08,2,1
C01203,13,79.38,1119.39,2,1
C01204,46,48.24,2169.6,1,0
C01205,40,47.19,1925.33,2,0
C01206,43,101.76,4373.97,3,1
C01207,29,58.93,1902.6,1,0
C01208,67,75.94,5131.9,1,0
C01209,37,69.44,2543.8,2,0
C01210,58,91.8,5313.44,5,0
C01211,5,43.27,203.01,0,0
C01212,12,79.92,942.53,2,1
C01213,26,71.96,1828.58,2,0
C01214,49,75.8,3781.55,1,0
C01215,69,46.04,3290.8,1,0
C01216,58,96.38,5542.56,2,1
C01217,2,66.12,160.94,1,0
C01218,46,77.34,3533.88,2,1
C01219,38,58.8,2230.59,1,0
C01220,2,15.0,21.41,1,1
C01221,27,56.17,1476.3,0,0
C01222,59,73.37,4216.96,1,0
C01223,2,68.17,152.08,3,0
C01224,44,53.82,2379.26,4,0
C01225,30,27.72,941.04,1,0
C01226,54,54.62,3005.78,1,0
C01227,54,15.0,738.88,2,0
C01228,8,88.34,786.8,3,1
C01229,29,80.93,2397.08,3,0
C01230,19,76.94,1391.22,1,0
C01231,17,54.93,1027.61,2,0
C01232,69,120.0,8287.55,2,1
C01233,56,120.0,6739.67,8,1
C01234,20,58.47,1109.57,1,0
C01235,8,52.52,415.59,3,1
C01236,53,48.82,2581.05,4,1
C01237,44,80.54,3598.0,4,0
C01238,29,85.74,2454.58,5,0
C01239,72,101.73,7385.8,2,0
C01240,70,58.69,4078.16,0,0
C01241,31,51.68,1684.22,2,0
C01242,3,83.59,254.99,3,1
C01243,26,102.76,2608.74,2,0
C01244,56,75.74,4221.04,3,0
C01245,17,84.59,1448.63,5,1
C01246,6,68.22,479.64,2,1
C01247,58,56.76,3314.53,1,0
C01248,23,15.0,236.44,2,0
C01249,19,41.25,837.65,3,1
C01250,71,36.75,2553.47,0,0
C01251,5,15.0,15.0,2,0
C01252,6,77.14,426.24,1,1
C01253,68,46.28,3186.97,1,0
C01254,23,39.76,914.24,2,0
C01255,22,108.55,2445.22,5,1
C01256,27,65.75,1781.27,0,1
C01257,12,50.36,637.16,0,1
C01258,5,59.5,247.33,2,1
C01259,67,94.02,6355.18,4,0
C01260,69,15.0,1003.07,1,0
C01261,8,51.26,417.46,0,0
C01262,5,38.84,228.87,1,1
C01263,16,98.09,1547.86,2,1
C01264,71,52.77,3793.65,1,0
C01265,40,68.94,2769.26,2,0
C01266,33,21.98,671.06,2,0
C01267,65,56.04,3601.42,2,0
C01268,12,55.23,740.87,2,0
C01269,29,92.85,2676.5,2,0
C01270,59,59.79,3652.94,0,0
C01271,0,64.19,,0,1
C01272,22,67.34,1619.76,0,0
C01273,44,89.76,4005.01,2,0
C01274,68,63.48,4214.54,0,0
C01275,56,51.73,2833.44,1,0
C01276,28,54.23,1441.62,1,0
C01277,57,46.77,2525.43,1,0
C01278,41,22.32,874.35,1,0
C01279,58,86.72,5031.22,5,0
C01280,5,59.81,381.11,1,1
C01281,65,41.7,2741.31,1,0
C01282,57,35.77,2029.47,1,0
C01283,58,41.11,2449.76,3,0
C01284,58,51.78,2990.27,1,0
C01285,4,58.18,238.48,2,1
C01286,45,69.15,3244.9,2,0
C01287,49,66.42,3285.34,1,0
C01288,44,74.72,3356.38,1,0
C01289,33,82.42,2768.1,4,1
C01290,46,87.39,4040.35,2,0
C01291,57,92.54,5202.48,2,0
C01292,61,61.26,3621.83,2,0
C01293,24,94.29,2255.88,3,1
C01294,67,23.23,1610.76,1,0
C01295,31,44.31,1328.67,0,1
C01296,54,71.78,3908.63,0,0
C01297,62,43.78,2658.12,0,0
C01298,53,43.76,2254.16,1,0
C01299,18,120.0,2163.61,2,1
C01300,0,45.72,,1,0
C01301,43,71.12,3021.43,1,1
C01302,10,38.05,434.49,0,0
C01303,59,69.69,4164.17,2,0
C01304,5,44.41,215.67,2,1
C01305,32,15.0,434.53,2,1
C01306,41,86.82,3673.99,3,1
C01307,35,86.26,2900.64,2,0
C01308,52,50.91,2765.72,2,0
C01309,39,70.51,2724.07,2,1
C01310,52,113.21,5820.8,4,0
C01311,14,56.68,726.48,4,0
C01312,49,85.54,4146.06,4,0
C01313,63,79.61,5089.42,0,0
C01314,14,62.71,952.18,1,1
C01315,36,90.64,3245.67,4,1
C01316,58,95.21,5633.16,3,0
C01317,66,42.23,2865.74,3,1
C01318,24,68.0,1695.41,3,1
C01319,37,15.0,565.96,1,0
C01320,25,15.0,429.93,0,0
C01321,55,89.57,4850.98,4,1
C01322,9,74.66,691.97,2,1
C01323,33,96.5,3186.38,2,1
C01324,24,81.59,1929.72,3,0
C01325,50,120.0,5951.83,2,1
C01326,62,15.0,916.54,1,0
C01327,4,81.85,331.1,3,1
C01328,22,72.85,1595.53,0,0
C01329,66,96.73,6264.96,4,0
C01330,0,120.0,,3,1
C01331,71,89.9,6378.51,3,0
C01332,15,104.27,1540.07,5,1
C01333,40,82.03,3426.61,2,1
C01334,10,59.95,632.91,1,0
C01335,35,66.03,2308.98,3,0
C01336,61,54.25,3201.35,3,0
C01337,67,106.97,7036.62,3,0
C01338,40,109.97,4404.2,3,1
C01339,64,28.5,1805.72,1,0
C01340,57,100.79,5691.24,4,0
C01341,36,101.58,3676.02,2,0
C01342,32,72.91,2257.41,1,1
C01343,5,76.38,391.14,1,1
C01344,36,54.77,1959.57,1,1
C01345,65,73.27,4739.89,2,1
C01346,2,82.51,153.42,6,1
C01347,62,44.38,2734.32,2,0
C01348,53,23.88,1176.67,1,0
C01349,16,16.28,261.55,4,0
C01350,34,75.0,2489.97,2,0
C01351,58,83.07,4806.08,4,0
C01352,28,63.65,1808.61,2,0
C01353,55,37.23,2072.0,0,0
C01354,72,90.5,6457.82,4,1
C01355,62,29.67,1795.66,0,0
C01356,70,50.72,3531.91,1,0
C01357,61,97.37,6000.91,3,0
C01358,3,53.9,101.63,0,0
C01359,36,43.07,1436.52,1,0
C01360,42,67.96,2782.19,1,0
C01361,67,103.88,7019.15,3,1
C01362,29,82.23,2466.88,2,0
C01363,29,74.1,2161.93,1,0
C01364,17,32.11,545.09,4,1
C01365,65,62.06,3968.31,3,0
C01366,54,48.39,2571.15,2,0
C01367,40,56.43,2191.81,2,0
C01368,48,24.81,1197.21,0,0
C01369,54,65.12,3485.57,0,0
C01370,58,113.64,6696.52,2,0
C01371,44,89.54,4021.92,5,0
C01372,41,41.96,1633.91,0,0
C01373,22,35.05,739.01,0,1
C01374,37,35.86,1391.92,1,0
C01375,36,60.84,2135.93,1,0
C01376,64,93.95,6030.83,3,0
C01377,28,33.62,965.48,1,0
C01378,9,57.89,498.55,2,1
C01379,15,52.63,729.21,1,0
C01380,24,77.82,1837.46,4,0
C01381,68,91.32,6294.36,3,0
C01382,30,107.51,3295.04,3,0
C01383,25,112.59,2795.26,5,1
C01384,38,114.89,4221.14,3,1
C01385,50,49.08,2466.31,1,0
C01386,56,92.97,5248.76,3,0
C01387,61,68.39,4168.27,0,0
C01388,21,53.19,1102.37,1,0
C01389,9,90.54,822.49,4,0
C01390,25,97.2,2260.16,2,1
C01391,35,53.31,1904.15,2,0
C01392,57,24.01,1256.34,2,1
C01393,50,87.01,4402.71,3,0
C01394,46,37.51,1897.44,3,0
C01395,70,44.01,3020.55,2,0
C01396,43,61.51,2586.06,1,0
C01397,48,65.06,3223.06,1,0
C01398,39,89.5,3509.74,3,0
C01399,48,115.88,5553.28,2,0
C01400,31,18.43,682.92,0,0
C01401,30,29.72,881.92,7,1
C01402,70,48.98,3460.36,2,0
C01403,55,53.11,3047.04,0,0
C01404,37,46.13,1667.51,2,1
C01405,68,120.0,8151.45,2,0
C01406,69,41.08,2840.88,0,0
C01407,20,45.01,930.15,1,0
C01408,21,18.99,452.12,1,1
C01409,33,26.28,835.88,0,0
C01410,36,39.31,1421.72,2,1
C01411,49,41.13,2031.23,4,0
C01412,39,53.51,2062.82,1,1
C01413,65,18.66,1184.46,1,0
C01414,20,29.07,594.48,3,0
C01415,41,117.69,4790.27,5,1
C01416,25,79.81,1940.65,2,0
C01417,49,78.39,3780.1,1,1
C01418,20,63.72,1263.48,2,0
C01419,4,71.9,304.86,1,0
C01420,28,65.16,1773.63,1,0
C01421,64,76.54,4876.63,1,0
C01422,68,31.46,2159.2,1,0
C01423,25,88.47,2190.59,2,0
C01424,19,53.53,1111.89,1,1
C01425,19,97.42,1875.86,5,1
C01426,12,69.8,956.53,0,1
C01427,51,15.0,797.36,1,0
C01428,57,60.17,3411.12,1,0
C01429,52,79.6,4097.82,3,0
C01430,48,15.29,798.85,5,0
C01431,9,29.83,242.48,1,0
C01432,12,104.7,1244.5,3,1
C01433,10,31.76,215.89,0,0
C01434,72,63.4,4633.6,1,0
C01435,35,63.8,2311.27,0,0
C01436,23,54.01,1240.35,0,0
C01437,48,120.0,5784.26,5,1
C01438,24,47.3,1046.76,6,1
C01439,35,50.45,1682.75,1,0
C01440,52,29.22,1495.63,3,0
C01441,57,27.37,1555.38,0,0
C01442,57,49.58,2731.33,2,0
C01443,69,40.89,2879.68,5,0
C01444,60,70.21,4238.51,0,0
C01445,50,120.0,5901.45,2,1
C01446,26,120.0,3062.98,4,1
C01447,58,94.8,5480.85,4,1
C01448,42,79.27,3363.03,4,1
C01449,23,23.72,649.6,2,0
C01450,55,72.9,4051.32,0,1
C01451,16,49.7,830.29,2,1
C01452,66,67.22,4395.77,2,0
C01453,58,107.43,6198.4,5,1
C01454,19,112.84,2129.74,3,1
C01455,58,68.04,3984.93,2,0
C01456,57,15.0,848.19,2,0
C01457,65,55.3,3531.91,0,0
C01458,60,95.36,5833.68,5,0
C01459,45,48.33,2210.47,3,0
C01460,6,120.0,738.43,5,1
C01461,61,39.77,2483.46,0,0
C01462,45,56.82,2576.63,1,1
C01463,13,95.2,1258.0,2,1
C01464,30,75.29,2289.11,1,1
C01465,55,47.18,2602.14,2,0
C01466,51,17.21,827.15,2,0
C01467,7,30.6,217.87,1,1
C01468,27,84.89,2270.9,4,1
C01469,12,100.83,1244.8,7,1
C01470,69,79.18,5410.0,2,0
C01471,59,24.71,1472.09,4,0
C01472,45,79.64,3569.52,2,1
C01473,41,51.62,2118.73,0,0
C01474,21,58.11,1218.67,2,0
C01475,18,89.51,1576.65,2,0
C01476,37,54.62,2040.17,2,1
C01477,31,49.96,1604.04,1,0
C01478,55,46.71,2603.16,2,0
C01479,63,41.12,2500.63,2,0
C01480,71,72.06,5038.4,1,0
C01481,39,92.87,3609.14,3,0
C01482,6,104.42,544.78,3,1
C01483,62,94.91,5833.72,3,0
C01484,68,114.13,7774.52,4,0
C01485,67,69.37,4687.51,0,0
C01486,29,43.95,1270.72,4,0
C01487,63,15.0,922.28,0,0
C01488,61,80.82,4856.13,4,0
C01489,11,92.94,1071.47,2,1
C01490,48,80.96,3868.94,3,0
C01491,9,116.25,1139.32,5,1
C01492,60,60.13,3572.25,2,0
C01493,38,51.04,1909.77,2,0
C01494,38,82.42,3168.09,3,0
C01495,44,39.75,1784.86,0,0
C01496,32,61.1,1937.59,2,1
C01497,72,74.77,5360.43,6,1
C01498,58,64.97,3734.76,2,0
C01499,8,35.73,304.82,1,0
C01500,11,67.83,752.84,1,1
C01501,23,25.29,669.07,1,0
C01502,69,74.58,5138.11,1,0
C01503,51,15.0,773.72,0,0
C01504,45,88.83,3984.72,6,1
C01505,44,82.09,3570.25,4,1
C01506,47,54.05,2618.58,2,0
C01507,63,60.44,3918.26,3,0
C01508,26,94.43,2442.55,4,1
C01509,19,38.57,835.62,0,0
C01510,38,66.74,2566.31,1,0
C01511,42,59.82,2522.25,0,0
C01512,5,82.4,448.17,7,1
C01513,19,45.8,852.86,0,0
C01514,53,69.84,3681.06,0,0
C01515,68,92.57,6345.8,3,0
C01516,44,97.75,4231.55,3,0
C01517,47,85.25,3918.16,3,0
C01518,21,34.4,718.48,2,0
C01519,67,61.36,4101.68,4,0
C01520,58,92.81,5399.24,3,0
C01521,62,70.86,4384.98,1,0
C01522,35,39.37,1342.16,0,0
C01523,39,92.07,3516.87,3,1
C01524,21,80.97,1725.54,4,1
C01525,69,103.48,7114.01,4,0
C01526,49,67.98,3320.24,1,1
C01527,51,120.0,6206.59,5,1
C01528,25,47.54,1085.14,0,0
C01529,46,74.34,3421.76,0,0
C01530,52,112.44,5743.9,5,0
C01531,52,58.68,3079.92,1,0
C01532,17,28.35,572.51,4,1
C01533,48,58.05,2754.34,2,0
C01534,3,79.14,223.44,2,1
C01535,54,77.0,4085.76,3,0
C01536,15,43.19,758.79,1,0
C01537,23,15.0,279.07,3,0
C01538,45,19.08,812.84,1,0
C01539,42,62.77,2703.54,4,1
C01540,11,73.98,820.08,0,1
C01541,1,117.25,91.43,8,1
C01542,17,53.67,931.01,1,0
C01543,50,117.87,5868.15,4,0
C01544,21,48.34,944.42,2,0
C01545,24,55.94,1368.44,2,0
C01546,29,46.63,1313.86,1,0
C01547,39,120.0,4723.54,5,1
C01548,72,117.7,8427.88,4,0
C01549,39,40.59,1541.26,0,1
C01550,58,66.65,3905.79,1,0
C01551,26,55.16,1416.62,0,0
C01552,56,97.54,5411.81,3,0
C01553,50,50.22,2487.17,1,0
C01554,14,59.6,895.38,3,1
C01555,4,80.33,436.44,2,1
C01556,5,55.35,216.18,1,0
C01557,36,103.36,3682.6,3,1
C01558,32,30.73,961.26,1,0
C01559,5,25.8,78.89,2,1
C01560,58,26.81,1530.19,1,0
C01561,44,70.66,2993.7,3,0
C01562,3,51.29,162.81,2,1
C01563,67,51.38,3491.3,2,0
C01564,29,85.08,2565.27,4,0
C01565,44,20.82,857.73,2,0
C01566,46,63.64,2893.65,2,0
C01567,18,101.63,1879.25,2,1
C01568,32,58.82,1847.67,1,0
C01569,26,87.68,2296.62,5,0
C01570,70,66.69,4701.46,3,0
C01571,59,16.48,1012.25,1,0
C01572,55,15.0,729.6,1,0
C01573,68,80.22,5489.85,3,0
C01574,14,60.23,843.76,2,0
C01575,59,37.13,2230.89,2,0
C01576,71,75.99,5379.82,1,0
C01577,44,57.02,2400.38,2,1
C01578,54,60.28,3231.06,1,0
C01579,39,48.28,1847.61,0,0
C01580,33,120.0,3889.97,3,0
C01581,22,27.13,621.7,2,0
C01582,54,77.35,4173.71,0,0
C01583,36,93.73,3459.28,4,0
C01584,17,40.59,758.21,5,0
C01585,44,63.48,2765.86,1,0
C01586,50,74.48,3699.28,2,0
C01587,7,63.05,408.22,3,1
C01588,37,81.87,2937.27,2,0
C01589,59,73.88,4423.33,1,0
C01590,53,96.04,5103.65,7,1
C01591,37,98.62,3782.1,2,0
C01592,71,55.39,3908.24,1,0
C01593,16,49.4,694.97,2,0
C01594,25,86.79,2093.6,3,1
C01595,63,100.0,6290.65,3,0
C01596,17,82.67,1369.45,4,0
C01597,51,62.62,3241.28,1,0
C01598,56,68.78,3842.5,1,0
C01599,41,86.21,3561.03,3,1
C01600,59,61.55,3632.46,0,0
C01601,0,49.77,,1,1
C01602,35,67.01,2272.73,4,0
C01603,26,51.75,1305.08,1,1
C01604,48,49.25,2354.3,1,0
C01605,38,54.76,2085.03,2,0
C01606,5,72.54,399.6,2,1
C01607,4,74.26,222.7,1,0
C01608,67,56.66,3828.93,4,0
C01609,20,61.84,1384.83,1,1
C01610,21,15.0,332.88,1,1
C01611,71,55.22,3932.19,0,0
C01612,2,109.43,325.12,3,1
C01613,42,120.0,5084.39,5,1
C01614,43,41.53,1812.05,2,0
C01615,15,67.94,1014.73,0,0
C01616,3,61.31,141.12,5,1
C01617,0,32.93,,1,0
C01618,47,93.72,4478.41,4,1
C01619,13,98.13,1322.09,2,1
C01620,23,46.08,1012.48,2,0
C01621,17,62.69,1191.61,2,0
C01622,46,61.45,2814.27,1,0
C01623,69,42.95,2876.25,4,0
C01624,38,51.23,1900.61,0,0
C01625,51,92.46,4715.95,4,0
C01626,57,19.64,1180.91,0,0
C01627,7,97.67,662.09,3,1
C01628,52,71.75,3673.09,1,0
C01629,25,58.79,1421.64,1,0
C01630,50,65.7,3347.85,1,0
C01631,14,15.0,233.56,0,0
C01632,24,84.39,1969.71,4,0
C01633,47,53.97,2626.2,1,1
C01634,52,69.74,3681.47,0,0
C01635,39,52.79,2138.03,6,0
C01636,11,33.92,280.15,0,0
C01637,49,68.77,3350.65,3,1
C01638,62,69.43,4437.34,2,0
C01639,26,52.55,1396.47,1,1
C01640,29,62.17,1855.41,2,0
C01641,71,68.25,4828.79,0,0
C01642,4,96.45,279.21,4,1
C01643,43,77.87,3365.31,2,0
C01644,45,59.61,2619.44,1,0
C01645,67,60.12,3953.81,0,0
C01646,31,48.62,1517.94,0,0
C01647,35,60.13,2135.77,5,1
C01648,56,70.73,4027.24,2,0
C01649,44,36.83,1569.62,0,0
C01650,34,120.0,4139.7,2,1
C01651,67,84.6,5697.14,2,0
C01652,21,80.06,1752.74,5,1
C01653,59,59.86,3466.75,1,0
C01654,8,62.95,671.68,1,1
C01655,72,20.92,1625.3,2,0
C01656,49,22.67,1121.41,2,0
C01657,13,99.95,1302.24,3,1
C01658,4,111.56,471.98,3,1
C01659,70,32.22,2187.9,4,0
C01660,56,23.8,1341.32,1,0
C01661,14,83.01,1170.49,2,0
C01662,28,79.32,2174.27,1,0
C01663,14,65.96,921.39,0,1
C01664,0,85.01,,3,1
C01665,27,47.88,1270.16,0,0
C01666,9,15.0,129.03,2,1
C01667,50,67.51,3402.87,1,0
C01668,30,64.71,1945.11,2,1
C01669,33,65.03,2173.82,0,0
C01670,41,49.85,2114.28,1,1
C01671,8,34.26,231.59,2,0
C01672,61,29.42,1792.2,0,0
C01673,40,46.24,1849.91,1,0
C01674,7,66.98,477.38,0,0
C01675,14,70.29,1026.51,4,0
C01676,32,59.37,1944.63,0,0
C01677,5,50.65,215.44,4,0
C01678,68,61.81,4230.41,2,0
C01679,19,78.3,1624.02,1,0
C01680,7,33.24,194.5,1,0
C01681,0,46.87,,2,0
C01682,25,64.99,1627.55,1,1
C01683,2,32.97,60.98,1,1
C01684,59,51.79,3012.47,0,0
C01685,24,91.44,2321.29,3,0
C01686,2,22.98,66.89,0,0
C01687,3,81.99,200.28,5,1
C01688,62,68.25,4202.68,4,0
C01689,61,37.11,2207.05,2,0
C01690,50,62.31,3179.67,0,0
C01691,37,62.9,2376.12,0,1
C01692,66,66.61,4359.35,1,1
C01693,71,90.85,6463.92,4,0
C01694,4,20.75,111.43,1,1
C01695,51,77.11,3928.53,3,0
C01696,59,77.52,4632.19,2,1
C01697,62,15.0,914.72,3,0
C01698,58,78.63,4468.6,0,0
C01699,15,85.75,1178.98,3,0
C01700,42,96.12,3976.73,3,0
C01701,16,97.48,1506.95,3,0
C01702,67,15.0,1051.5,1,0
C01703,42,71.68,2968.88,1,0
C01704,50,67.68,3375.87,0,0
C01705,39,70.78,2737.74,1,1
C01706,66,62.18,4106.46,2,0
C01707,62,29.6,1941.73,1,0
C01708,39,88.47,3410.54,2,1
C01709,6,20.98,51.53,1,1
C01710,6,53.99,336.97,3,1
C01711,63,19.5,1166.98,2,0
C01712,35,83.08,2888.27,2,1
C01713,7,35.61,236.69,2,1
C01714,28,15.0,448.01,0,0
C01715,31,79.79,2516.44,0,0
C01716,31,82.74,2579.74,6,1
C01717,40,55.76,2320.54,0,0
C01718,35,120.0,4271.52,2,0
C01719,8,32.49,281.43,2,1
C01720,55,65.21,3589.31,1,0
C01721,62,83.44,5141.56,4,0
C01722,9,50.4,475.41,1,0
C01723,68,90.71,6115.39,3,1
C01724,15,37.74,586.66,2,1
C01725,37,87.28,3235.99,4,1
C01726,12,103.71,1225.4,6,1
C01727,16,120.0,1844.24,4,0
C01728,10,67.04,670.52,3,1
C01729,27,53.92,1458.65,3,1
C01730,22,82.47,1864.97,2,1
C01731,63,71.66,4502.73,3,0
C01732,55,102.81,5656.76,4,0
C01733,59,102.19,6066.49,4,0
C01734,67,100.17,6658.45,2,1
C01735,27,66.26,1734.13,3,1
C01736,62,72.59,4536.18,0,0
C01737,11,105.39,1085.69,2,1
C01738,72,96.5,7030.26,2,0
C01739,1,61.93,69.7,4,0
C01740,2,63.29,15.0,2,1
C01741,20,61.38,1298.37,3,0
C01742,32,108.38,3374.69,4,1
C01743,51,43.06,2250.96,1,0
C01744,63,37.82,2363.68,1,0
C01745,41,92.57,3761.8,3,1
C01746,34,106.71,3660.59,3,0
C01747,24,48.63,1174.86,1,0
C01748,30,15.0,474.31,1,0
C01749,54,70.19,3755.41,0,0
C01750,1,68.37,15.0,1,1
C01751,52,89.6,4587.53,5,1
C01752,54,64.29,3392.01,1,0
C01753,42,86.77,3648.05,3,1
C01754,66,72.69,4857.73,2,0
C01755,40,54.86,2144.37,0,0
C01756,23,67.64,1657.09,0,0
C01757,71,69.72,5012.01,3,0
C01758,65,70.01,4575.55,1,0
C01759,26,79.4,2076.59,1,1
C01760,2,78.68,178.03,1,0
C01761,25,51.12,1194.02,3,0
C01762,59,15.25,909.96,2,0
C01763,54,40.74,2108.31,1,0
C01764,48,65.4,3058.98,1,0
C01765,26,120.0,2940.26,2,1
C01766,15,19.0,328.99,0,0
C01767,40,59.5,2267.83,3,0
C01768,25,69.76,1860.49,0,0
C01769,11,62.67,635.74,2,1
C01770,42,46.88,1968.19,1,0
C01771,10,74.48,693.69,3,0
C01772,35,18.41,633.1,3,0
C01773,8,91.57,821.99,2,0
C01774,8,62.15,517.68,2,0
C01775,38,49.33,1884.36,0,1
C01776,1,46.31,61.92,1,0
C01777,35,20.5,728.81,0,0
C01778,17,59.4,1080.22,0,1
C01779,21,91.41,1993.29,6,1
C01780,19,97.23,2076.75,3,1
C01781,46,92.37,4292.93,3,0
C01782,3,91.31,385.67,3,1
C01783,45,68.2,3139.73,1,0
C01784,34,93.65,3077.3,3,1
C01785,43,35.76,1514.36,0,0
C01786,41,70.4,2810.55,3,0
C01787,57,95.07,5532.77,4,0
C01788,47,72.8,3481.79,2,0
C01789,8,15.0,72.88,0,0
C01790,46,40.49,1739.56,1,0
C01791,20,94.79,1939.91,3,1
C01792,2,21.58,107.43,1,1
C01793,14,49.46,685.56,2,1
C01794,16,72.12,1168.16,3,1
C01795,8,62.04,570.3,5,1
C01796,43,63.24,2778.86,1,0
C01797,57,76.17,4352.95,2,0
C01798,7,66.34,486.27,3,1
C01799,30,102.55,3113.53,3,1
C01800,41,120.0,5023.12,2,0
C01801,39,77.41,2963.75,2,0
C01802,15,41.97,658.87,4,0
C01803,25,50.76,1291.71,0,0
C01804,9,90.69,882.03,2,1
C01805,48,64.45,3072.69,2,0
C01806,32,36.75,1191.22,5,1
C01807,11,78.84,968.64,1,1
C01808,21,53.44,1144.16,1,0
C01809,14,53.55,750.01,3,0
C01810,68,66.37,4514.11,3,0
C01811,30,103.66,3151.42,4,1
C01812,66,59.58,4084.21,2,0
C01813,40,41.6,1650.64,0,0
C01814,50,82.55,4201.47,5,0
C01815,44,26.63,1071.91,2,0
C01816,1,35.49,15.0,0,0
C01817,49,35.46,1688.57,4,0
C01818,66,74.03,4920.08,1,0
C01819,65,88.87,5732.26,3,0
C01820,7,57.95,528.43,1,1
C01821,57,61.67,3490.71,1,0
C01822,61,54.96,3363.6,2,1
C01823,21,54.96,1124.82,1,1
C01824,19,102.4,2059.39,5,0
C01825,65,65.28,4200.92,1,0
C01826,52,68.08,3563.34,0,0
C01827,45,98.36,4433.12,3,0
C01828,45,52.03,2381.99,1,0
C01829,24,65.06,1503.51,3,1
C01830,14,103.54,1347.28,3,1
C01831,38,99.5,3775.91,2,1
C01832,27,94.27,2653.07,2,1
C01833,50,46.94,2521.1,2,0
C01834,72,71.75,5150.96,1,0
C01835,61,91.7,5605.7,2,0
C01836,37,43.97,1574.53,1,0
C01837,23,40.15,891.02,0,0
C01838,2,15.0,31.2,2,1
C01839,15,80.55,1265.91,5,1
C01840,63,98.51,6260.66,4,0
C01841,17,33.54,597.71,1,0
C01842,63,65.75,4192.45,1,0
C01843,39,39.21,1481.61,1,0
C01844,32,69.96,2273.14,3,0
C01845,9,70.76,639.18,3,1
C01846,56,116.74,6529.97,3,0
C01847,62,95.62,5842.86,4,0
C01848,9,31.84,291.86,1,0
C01849,30,120.0,3595.12,4,1
C01850,32,20.9,715.26,3,0
C01851,32,54.18,1821.51,1,0
C01852,65,15.0,989.79,2,0
C01853,65,69.53,4495.66,1,0
C01854,9,71.61,658.04,5,1
C01855,38,94.72,3553.38,5,1
C01856,34,41.86,1462.79,2,0
C01857,34,112.95,3916.64,4,0
C01858,3,92.27,376.34,2,0
C01859,56,35.44,1971.78,0,0
C01860,65,62.85,3881.91,2,0
C01861,8,120.0,961.86,3,1
C01862,42,30.24,1234.97,1,0
C01863,15,60.95,1049.63,1,0
C01864,51,45.91,2393.88,1,1
C01865,7,26.22,204.46,2,0
C01866,60,104.48,6263.48,3,0
C01867,51,15.0,808.71,3,0
C01868,33,72.88,2327.14,0,1
C01869,36,105.62,3820.73,2,0
C01870,69,39.82,2709.11,0,0
C01871,32,43.93,1393.44,0,0
C01872,49,21.61,1088.86,3,0
C01873,67,108.15,7269.55,5,1
C01874,11,94.67,1068.0,3,1
C01875,47,24.19,1185.09,0,0
C01876,11,53.47,605.93,0,0
C01877,54,107.4,5809.78,5,0
C01878,26,28.65,730.0,1,1
C01879,41,70.71,2782.24,2,0
C01880,33,93.94,3017.57,3,1
C01881,46,96.28,4415.19,5,1
C01882,38,64.02,2408.41,2,0
C01883,49,61.64,2976.57,2,0
C01884,54,80.1,4327.21,3,0
C01885,69,115.72,7974.97,3,1
C01886,68,95.54,6590.96,3,0
C01887,44,15.0,690.5,0,1
C01888,48,60.07,2946.66,0,0
C01889,17,82.67,1457.88,2,0
C01890,37,118.31,4487.6,2,1
C01891,19,111.5,2110.22,2,0
C01892,36,48.4,1753.77,0,0
C01893,24,91.76,2153.0,3,0
C01894,2,101.46,132.44,3,1
C01895,66,43.57,2923.02,1,1
C01896,2,42.82,29.68,2,1
C01897,51,85.33,4343.68,3,1
C01898,10,56.13,643.04,1,0
C01899,45,47.05,2197.79,2,0
C01900,72,66.86,4805.38,0,0
C01901,72,54.98,3933.24,4,0
C01902,71,91.57,6377.13,3,0
C01903,4,120.0,437.69,3,1
C01904,68,72.68,4951.5,1,0
C01905,16,81.96,1335.18,3,0
C01906,51,59.26,3063.17,4,0
C01907,48,118.74,5674.73,5,0
C01908,53,56.17,2880.95,0,0
C01909,10,32.56,399.91,1,0
C01910,27,61.96,1720.34,1,0
C01911,69,15.82,1000.88,3,0
C01912,30,83.65,2495.35,3,0
C01913,36,87.19,3186.61,5,0
C01914,9,47.1,302.21,0,1
C01915,62,37.65,2338.09,2,0
C01916,30,60.4,1755.95,0,0
C01917,49,65.37,3204.01,4,1
C01918,24,72.14,1863.15,0,0
C01919,46,96.8,4477.28,3,1
C01920,9,44.41,421.39,2,0
C01921,67,65.93,4360.57,1,0
C01922,37,57.94,2124.5,1,0
C01923,41,68.29,2759.96,2,0
C01924,13,58.36,772.97,1,0
C01925,45,57.86,2522.47,1,0
C01926,29,57.64,1679.78,0,0
C01927,69,51.37,3536.62,0,0
C01928,28,73.95,2181.25,2,0
C01929,58,64.37,3787.92,0,0
C01930,13,70.58,986.78,2,0
C01931,59,66.03,3859.59,1,0
C01932,35,97.04,3358.41,2,1
C01933,13,101.68,1372.22,3,1
C01934,11,75.01,868.5,3,0
C01935,50,15.0,660.5,0,0
C01936,32,54.86,1851.7,1,1
C01937,15,66.94,1039.15,4,0
C01938,35,74.58,2584.3,1,0
C01939,2,120.0,290.45,3,1
C01940,44,76.9,3359.41,4,0
C01941,46,55.29,2515.46,1,1
C01942,42,83.49,3479.87,4,1
C01943,5,54.28,138.44,2,1
C01944,40,94.0,3729.06,5,0
C01945,12,99.1,1116.41,4,1
C01946,20,56.87,1077.93,1,1
C01947,44,83.72,3771.49,4,0
C01948,60,44.88,2555.35,3,0
C01949,44,60.49,2780.15,2,1
C01950,68,109.65,7489.85,3,0
C01951,70,52.33,3698.53,3,0
C01952,1,39.25,48.02,1,1
C01953,43,77.93,3368.1,1,0
C01954,24,69.24,1622.17,4,1
C01955,35,71.46,2481.51,4,1
C01956,46,74.99,3432.02,0,0
C01957,57,101.65,5813.02,5,0
C01958,54,86.76,4548.38,4,0
C01959,35,112.3,3931.81,5,1
C01960,47,16.98,849.19,1,0
C01961,44,77.36,3431.98,0,1
C01962,68,120.0,8216.23,5,0
C01963,52,52.34,2770.34,5,1
C01964,41,118.6,4959.73,6,1
C01965,49,36.76,1897.95,3,0
C01966,69,68.55,4813.93,1,0
C01967,15,50.67,698.59,3,0
C01968,65,50.19,3236.94,3,0
C01969,17,117.68,1979.36,3,1
C01970,47,99.94,4666.82,4,0
C01971,17,23.46,339.03,3,0
C01972,35,71.51,2532.02,3,1
C01973,52,15.0,774.12,4,0
C01974,14,50.23,731.57,1,0
C01975,45,78.75,3521.23,0,0
C01976,2,87.86,238.02,3,1
C01977,60,50.14,3103.54,0,0
C01978,30,108.94,3304.33,3,1
C01979,50,42.31,2133.27,1,0
C01980,51,67.6,3415.38,0,0
C01981,70,86.96,6054.36,2,0
C01982,38,110.05,4152.21,3,1
C01983,71,96.65,6855.54,5,0
C01984,27,27.2,712.22,4,0
C01985,61,76.79,4654.43,2,0
C01986,37,60.17,2078.59,1,0
C01987,53,35.89,1832.96,1,0
C01988,15,78.57,1161.52,1,0
C01989,5,68.57,296.33,3,1
C01990,9,20.06,106.28,2,0
C01991,28,97.67,2828.68,3,0
C01992,45,50.94,2308.44,2,0
C01993,5,55.74,294.82,3,1
C01994,28,94.64,2642.26,5,1
C01995,25,89.8,2363.8,7,1
C01996,19,77.43,1435.67,4,0
C01997,13,46.53,690.09,2,1
C01998,58,91.76,5261.69,3,0
C01999,7,15.0,55.98,1,0
C02000,56,57.52,3109.72,1,0
C02001,18,40.19,839.09,2,1
C02002,62,35.94,2166.11,2,0
C02003,66,32.23,2250.26,0,0
C02004,56,62.68,3542.58,2,0
C02005,25,58.28,1525.73,0,0
C02006,3,71.34,235.71,0,0
C02007,54,79.3,4312.2,0,0
C02008,55,46.63,2608.27,2,0
C02009,7,75.55,518.91,3,1
C02010,1,83.35,199.93,3,1
C02011,16,69.72,973.33,3,1
C02012,46,69.62,3177.28,0,0
C02013,17,94.25,1636.6,3,1
C02014,34,64.44,2177.49,1,0
C02015,8,65.26,541.38,1,0
C02016,16,84.04,1422.62,2,1
C02017,67,47.35,3259.3,1,0
C02018,11,65.93,717.05,3,1
C02019,39,78.66,3013.14,3,1
C02020,65,51.78,3262.14,2,0
C02021,39,50.92,2035.29,0,0
C02022,54,21.45,982.71,0,0
C02023,10,55.71,559.16,1,1
C02024,30,115.09,3493.13,4,0
C02025,18,69.54,1178.92,1,0
C02026,16,31.9,598.99,1,1
C02027,34,39.09,1383.63,2,1
C02028,28,58.34,1695.92,1,0
C02029,71,53.37,3656.71,0,0
C02030,6,72.41,540.02,1,1
C02031,44,85.66,3830.62,4,0
C02032,29,79.03,2294.14,4,1
C02033,39,68.53,2648.05,3,0
C02034,55,120.0,6620.9,4,0
C02035,20,104.42,2000.26,2,0
C02036,21,21.32,484.39,3,1
C02037,17,65.33,1078.85,1,0
C02038,27,75.15,1895.54,2,0
C02039,17,58.74,976.99,1,0
C02040,71,88.9,6281.46,5,0
C02041,51,50.41,2584.08,1,0
C02042,69,98.77,6788.69,5,0
C02043,13,56.3,700.8,3,1
C02044,65,84.58,5605.56,4,0
C02045,6,15.0,114.78,2,0
C02046,13,96.95,1280.48,4,1
C02047,43,53.14,2238.38,2,0
C02048,3,40.79,107.91,2,1
C02049,32,81.81,2632.56,3,1
C02050,15,76.43,1169.44,0,0
C02051,25,74.98,1917.1,3,1
C02052,69,21.86,1499.07,1,0
C02053,25,42.5,992.77,0,0
C02054,62,48.22,2982.44,3,1
C02055,68,110.3,7515.9,4,0
C02056,10,64.15,615.66,1,1
C02057,57,53.26,3015.26,1,0
C02058,34,58.95,1971.1,1,0
C02059,59,69.47,4124.99,0,0
C02060,24,69.45,1636.01,0,1
C02061,27,50.63,1446.39,2,0
C02062,27,28.04,803.03,1,0
C02063,60,30.71,1870.37,1,0
C02064,28,25.12,633.59,4,1
C02065,52,54.12,2816.62,1,0
C02066,16,52.71,825.67,1,1
C02067,31,49.19,1586.69,3,0
C02068,19,94.03,1802.33,4,1
C02069,52,78.26,4042.71,3,0
C02070,69,46.95,3303.62,2,0
C02071,12,15.0,170.69,1,1
C02072,35,53.8,1978.51,0,0
C02073,20,88.01,1826.11,2,0
C02074,64,35.41,2259.48,0,0
C02075,26,73.85,1885.77,0,0
C02076,0,89.75,,3,1
C02077,33,20.7,707.14,2,1
C02078,3,103.93,361.03,2,1
C02079,63,61.71,3884.47,1,0
C02080,50,35.33,1795.68,1,1
C02081,46,33.24,1482.05,0,0
C02082,26,74.16,1909.87,3,1
C02083,33,47.83,1570.23,3,1
C02084,31,110.03,3304.87,3,1
C02085,37,90.23,3278.66,4,0
C02086,71,76.36,5379.69,0,1
C02087,22,91.5,2066.8,8,1
C02088,71,119.1,8439.11,6,0
C02089,52,75.87,3932.89,6,1
C02090,2,45.42,15.0,3,1
C02091,15,111.44,1711.05,2,1
C02092,0,120.0,,5,1
C02093,19,57.42,1153.9,0,0
C02094,3,37.2,143.39,3,0
C02095,65,70.56,4517.83,0,0
C02096,68,43.92,2935.87,0,0
C02097,66,81.61,5508.26,3,0
C02098,45,62.09,2786.23,0,0
C02099,23,91.61,2083.14,3,0
C02100,33,97.24,3191.25,4,1
C02101,11,70.55,765.76,1,1
C02102,33,66.88,2215.77,1,0
C02103,26,56.21,1472.94,2,1
C02104,2,68.8,150.45,2,1
C02105,38,46.4,1703.68,2,0
C02106,34,61.14,2171.2,3,1
C02107,8,52.06,386.75,7,1
C02108,62,27.11,1660.89,0,0
C02109,56,80.06,4454.89,4,0
C02110,7,40.63,280.63,2,0
C02111,35,105.06,3648.88,3,1
C02112,72,58.79,4241.41,2,0
C02113,38,114.74,4431.8,4,1
C02114,20,15.0,140.17,7,1
C02115,70,58.52,4113.26,0,0
C02116,49,95.65,4694.74,5,0
C02117,54,89.17,4761.93,6,0
C02118,56,109.29,6100.98,4,0
C02119,42,84.7,3502.24,2,0
C02120,23,62.06,1547.8,2,0
C02121,42,96.45,4074.47,3,0
C02122,56,96.72,5409.22,2,0
C02123,21,100.03,2105.8,4,1
C02124,69,28.16,1989.03,5,0
C02125,71,59.93,4328.82,2,0
C02126,48,22.59,1034.4,2,0
C02127,25,95.25,2370.9,3,1
C02128,1,102.98,138.8,3,1
C02129,37,92.4,3419.22,4,1
C02130,42,103.35,4312.48,6,0
C02131,51,120.0,6150.07,4,0
C02132,30,74.01,2274.75,1,0
C02133,51,86.02,4220.93,3,0
C02134,53,36.66,1871.4,1,0
C02135,17,63.67,1138.46,3,1
C02136,9,77.81,733.84,1,1
C02137,40,120.0,4720.78,2,0
C02138,29,81.9,2416.86,2,0
C02139,35,63.79,2210.55,2,0
C02140,17,35.1,523.91,4,0
C02141,56,80.0,4504.13,1,0
C02142,35,79.54,2686.17,1,0
C02143,69,109.26,7565.31,3,0
C02144,65,69.19,4528.49,2,0
C02145,21,47.69,997.57,1,1
C02146,48,26.37,1256.51,0,0
C02147,58,46.22,2776.88,0,0
C02148,64,45.24,2859.96,5,0
C02149,1,81.05,34.86,5,0
C02150,59,83.08,4978.22,3,1
C02151,58,76.97,4406.65,2,0
C02152,30,34.3,1005.28,2,0
C02153,50,55.67,2662.85,2,0
C02154,46,57.15,2597.05,3,0
C02155,21,73.1,1435.99,3,1
C02156,66,53.93,3530.25,4,0
C02157,16,85.15,1357.08,3,1
C02158,65,79.68,5118.99,2,0
C02159,8,65.96,590.31,4,0
C02160,60,69.35,4161.55,1,0
C02161,57,78.78,4538.35,2,0
C02162,53,55.9,2988.17,0,0
C02163,49,71.16,3433.86,2,0
C02164,3,41.44,159.71,1,1
C02165,25,27.74,743.59,1,0
C02166,5,15.0,87.34,0,1
C02167,70,40.65,2794.81,2,0
C02168,11,86.08,1002.26,3,1
C02169,30,93.3,2865.13,3,1
C02170,23,15.0,338.58,1,0
C02171,59,60.15,3571.27,1,0
C02172,57,76.44,4352.61,4,1
C02173,62,81.13,5098.36,3,0
C02174,62,31.97,1946.33,1,0
C02175,41,25.14,1115.85,1,0
C02176,48,74.72,3534.43,1,0
C02177,70,35.88,2617.58,4,0
C02178,51,21.92,1113.3,2,0
C02179,39,29.59,1066.07,1,0
C02180,56,101.29,5648.5,2,0
C02181,39,38.59,1546.06,0,0
C02182,31,90.61,2827.09,4,1
C02183,54,38.86,2091.22,3,0
C02184,71,81.13,5698.62,4,0
C02185,6,65.32,377.02,1,0
C02186,63,96.91,6119.03,2,0
C02187,2,42.48,79.5,2,1
C02188,12,48.54,718.06,1,0
C02189,11,72.6,848.05,1,0
C02190,39,48.49,1787.64,0,0
C02191,31,102.17,3196.5,5,0
C02192,55,73.92,4072.81,2,0
C02193,5,115.85,527.73,3,0
C02194,52,38.9,1929.4,0,0
C02195,33,18.86,595.3,3,0
C02196,15,86.59,1379.06,3,1
C02197,64,54.16,3463.42,2,0
C02198,69,56.92,3958.68,0,0
C02199,0,87.4,,3,1
C02200,17,84.88,1429.37,4,1
C02201,61,120.0,7443.31,3,1
C02202,53,60.8,3321.15,7,0
C02203,68,46.32,3135.2,2,0
C02204,45,104.88,4761.01,3,0
C02205,29,95.53,2743.82,5,1
C02206,38,48.97,1833.57,1,0
C02207,41,46.22,1831.36,2,0
C02208,30,42.24,1322.03,2,0
C02209,15,42.62,720.53,4,1
C02210,48,48.67,2367.72,3,0
C02211,8,16.11,86.42,1,0
C02212,7,83.68,650.79,3,1
C02213,17,15.0,243.22,0,0
C02214,9,30.11,415.5,0,1
C02215,50,42.25,2107.45,2,0
C02216,49,44.94,2170.56,1,0
C02217,23,34.46,747.44,2,0
C02218,20,53.98,1197.94,0,0
C02219,1,85.2,15.0,3,1
C02220,27,56.7,1517.62,2,0
C02221,61,110.11,6576.5,4,0
C02222,22,62.02,1230.84,2,0
C02223,64,94.73,5997.12,3,0
C02224,48,97.72,4753.66,2,0
C02225,65,29.0,1881.02,3,0
C02226,10,54.11,477.18,1,0
C02227,72,99.31,7139.31,4,0
C02228,48,72.89,3441.58,1,0
C02229,32,85.08,2659.49,2,0
C02230,48,66.45,3168.34,4,0
C02231,47,103.22,4805.7,5,1
C02232,52,35.97,1848.89,0,0
C02233,12,93.98,1077.29,4,1
C02234,45,95.87,4314.06,3,0
C02235,8,113.81,1043.52,3,1
C02236,43,60.54,2651.17,1,0
C02237,6,42.65,277.04,1,0
C02238,11,46.47,558.89,3,0
C02239,24,82.9,1911.32,3,1
C02240,18,65.79,1120.21,2,1
C02241,51,28.99,1547.33,1,0
C02242,66,15.0,955.5,2,0
C02243,51,76.57,4025.57,2,0
C02244,14,15.0,249.13,2,0
C02245,36,81.87,2913.84,3,1
C02246,22,98.78,2158.88,5,1
C02247,23,101.05,2390.72,4,1
C02248,53,33.79,1772.65,1,0
C02249,57,27.8,1571.67,4,1
C02250,43,35.55,1565.57,2,0
C02251,40,70.53,2716.85,0,0
C02252,19,15.73,263.89,0,0
C02253,68,68.07,4608.62,0,0
C02254,22,15.43,362.53,5,0
C02255,52,28.66,1500.32,3,0
C02256,49,90.54,4404.58,3,1
C02257,36,57.23,2011.4,4,0
C02258,69,88.25,6062.19,4,0
C02259,29,77.59,2209.16,1,1
C02260,49,79.74,3838.23,2,0
C02261,45,15.0,731.46,4,0
C02262,57,64.33,3756.38,1,0
C02263,14,58.53,839.37,3,0
C02264,40,72.63,2935.49,3,0
C02265,20,55.57,1169.57,2,0
C02266,0,74.88,,0,0
C02267,72,72.76,5208.18,3,0
C02268,55,76.47,4150.21,2,0
C02269,43,47.77,2092.25,3,1
C02270,60,21.5,1162.23,1,0
C02271,3,81.12,130.47,5,1
C02272,31,36.21,1142.05,1,0
C02273,70,32.84,2381.46,0,0
C02274,51,74.83,3793.81,3,0
C02275,61,61.21,3707.42,0,0
C02276,40,68.8,2749.92,1,0
C02277,70,47.59,3373.1,1,0
C02278,58,83.92,4891.32,2,0
C02279,15,78.43,1094.06,2,1
C02280,24,98.05,2373.87,3,1
C02281,67,89.49,5964.2,4,0
C02282,21,42.04,917.76,3,0
C02283,35,44.15,1401.55,0,0
C02284,58,43.94,2589.4,1,0
C02285,37,63.59,2359.04,2,1
C02286,3,78.02,208.67,2,0
C02287,60,54.97,3257.77,3,0
C02288,17,77.5,1277.65,0,1
C02289,6,44.95,373.82,0,1
C02290,34,92.61,3101.24,2,1
C02291,61,29.54,1797.48,2,0
C02292,63,77.71,4771.97,2,0
C02293,24,26.29,620.38,4,1
C02294,17,53.67,890.5,3,0
C02295,68,43.32,2949.82,0,0
C02296,44,30.71,1415.67,3,0
C02297,9,56.96,520.04,0,0
C02298,10,51.41,526.34,0,0
C02299,53,59.82,3166.76,1,0
C02300,47,91.11,4245.04,2,1
C02301,7,22.24,94.85,4,0
C02302,61,120.0,7354.86,3,0
C02303,3,15.0,22.63,1,0
C02304,6,50.03,420.2,1,0
C02305,69,33.38,2278.11,2,0
C02306,32,57.9,1859.15,3,1
C02307,56,31.66,1792.05,3,0
C02308,52,75.38,3961.29,1,0
C02309,44,68.35,2979.14,0,0
C02310,39,45.48,1694.62,1,0
C02311,18,92.44,1717.46,3,1
C02312,72,49.32,3491.85,2,1
C02313,20,44.04,936.15,1,0
C02314,42,44.05,1863.59,1,0
C02315,62,56.4,3461.18,5,0
C02316,30,78.87,2379.88,1,0
C02317,57,120.0,6906.51,5,0
C02318,10,57.28,583.51,4,1
C02319,17,94.66,1611.07,3,1
C02320,9,23.0,144.57,1,0
C02321,26,110.56,2869.4,3,1
C02322,33,88.61,2943.41,4,1
C02323,7,70.66,466.07,2,1
C02324,56,90.49,5001.56,4,0
C02325,33,57.11,1888.57,1,1
C02326,39,16.69,735.98,5,1
C02327,59,58.58,3594.75,2,1
C02328,48,21.78,1053.65,1,0
C02329,43,46.24,2013.38,2,0
C02330,51,21.78,1176.61,3,0
C02331,66,15.0,1028.57,2,0
C02332,55,104.54,5721.19,2,1
C02333,16,57.4,895.38,1,0
C02334,35,41.65,1484.41,3,0
C02335,31,85.41,2625.59,2,1
C02336,55,70.57,3825.28,1,0
C02337,69,75.89,5240.8,1,0
C02338,50,55.77,2774.87,3,0
C02339,50,63.05,3038.82,2,0
C02340,71,42.6,3049.46,0,0
C02341,48,47.19,2247.69,1,0
C02342,9,107.69,925.05,6,1
C02343,42,89.19,3675.0,2,0
C02344,10,63.19,677.29,3,1
C02345,69,60.41,4196.79,3,0
C02346,7,99.44,678.29,2,1
C02347,17,73.55,1202.18,0,0
C02348,46,120.0,5505.84,5,1
C02349,13,56.21,713.96,1,1
C02350,29,69.6,2133.63,1,0
C02351,26,15.0,432.54,0,0
C02352,16,43.16,684.42,2,0
C02353,59,55.91,3317.17,1,0
C02354,26,39.54,1031.39,1,0
C02355,21,40.22,856.14,2,1
C02356,4,16.28,146.36,1,0
C02357,0,63.82,,1,0
C02358,60,81.36,4777.67,4,0
C02359,19,75.34,1492.82,0,0
C02360,36,15.0,681.58,0,0
C02361,20,22.0,436.17,1,1
C02362,62,95.63,5969.76,3,0
C02363,24,15.0,287.61,1,0
C02364,50,32.69,1582.2,1,0
C02365,70,27.81,1900.05,1,0
C02366,53,77.26,4063.83,3,0
C02367,13,23.96,333.06,3,1
C02368,40,69.03,2690.44,3,1
C02369,59,71.48,4194.63,1,0
C02370,0,31.52,,0,0
C02371,52,46.11,2427.8,1,0
C02372,42,89.75,3787.94,2,0
C02373,16,92.4,1476.47,3,1
C02374,49,37.16,1788.72,3,0
C02375,49,18.07,848.02,1,0
C02376,66,61.38,4026.47,0,0
C02377,70,87.23,5986.62,2,0
C02378,61,79.36,4887.45,2,0
C02379,19,105.06,2042.95,2,0
C02380,27,86.76,2276.45,3,0
C02381,54,91.89,4972.97,6,1
C02382,15,43.99,766.49,1,1
C02383,48,32.57,1586.97,4,0
C02384,20,56.26,1112.6,2,1
C02385,37,90.79,3343.24,4,1
C02386,49,120.0,5956.78,4,0
C02387,17,66.09,1206.25,1,0
C02388,55,50.27,2786.83,2,0
C02389,27,78.17,1995.5,2,0
C02390,56,84.3,4719.56,5,0
C02391,22,93.21,2014.73,4,1
C02392,18,94.24,1719.44,2,0
C02393,59,42.67,2543.25,3,0
C02394,66,63.57,4239.77,1,0
C02395,16,70.78,1150.91,1,0
C02396,49,41.17,2006.72,3,0
C02397,8,115.22,978.69,2,1
C02398,60,64.42,3774.7,2,0
C02399,20,78.91,1581.42,1,0
C02400,34,120.0,4107.33,2,0
C02401,63,76.29,4759.54,0,0
C02402,40,73.59,2941.59,2,0
C02403,3,68.08,187.52,1,0
C02404,40,83.85,3379.67,3,0
C02405,9,102.76,892.29,3,1
C02406,55,76.92,4244.22,0,1
C02407,31,38.99,1220.38,2,0
C02408,65,25.28,1684.53,2,0
C02409,55,65.17,3559.64,2,0
C02410,45,19.06,833.54,0,0
C02411,32,56.08,1737.15,2,1
C02412,55,48.04,2516.21,2,0
C02413,55,34.89,1853.04,0,0
C02414,70,71.56,5094.72,2,0
C02415,34,106.59,3559.4,4,1
C02416,13,45.33,582.97,3,1
C02417,13,69.3,943.15,2,1
C02418,2,32.19,15.0,2,0
C02419,30,73.52,2165.73,1,1
C02420,63,59.94,3935.54,1,0
C02421,43,90.94,3905.04,4,1
C02422,23,15.0,405.89,0,1
C02423,16,49.4,699.69,1,0
C02424,1,15.0,15.0,1,1
C02425,15,68.84,1028.02,1,1
C02426,28,62.18,1687.62,2,0
C02427,49,82.9,4053.91,4,0
C02428,49,24.91,1221.05,0,0
C02429,32,57.15,1922.1,2,0
C02430,63,15.0,909.01,0,0
C02431,9,72.44,613.4,0,0
C02432,52,15.0,867.88,0,0
C02433,67,40.5,2693.14,2,0
C02434,64,51.68,3291.36,2,0
C02435,64,54.17,3505.36,2,0
C02436,56,24.23,1263.1,1,0
C02437,34,75.09,2594.06,1,0
C02438,11,81.54,841.12,4,0
C02439,67,83.54,5583.85,2,0
C02440,5,52.84,260.16,1,1
C02441,63,71.66,4512.63,3,0
C02442,48,44.85,2220.53,1,1
C02443,38,81.58,3060.04,4,1
C02444,32,52.86,1803.86,3,0
C02445,38,15.0,616.18,0,0
C02446,39,49.56,1943.18,1,0
C02447,32,51.27,1718.08,0,0
C02448,52,82.55,4272.18,3,0
C02449,51,15.0,864.25,1,0
C02450,13,28.31,306.01,1,0
C02451,62,69.83,4397.99,1,0
C02452,68,39.49,2718.37,1,0
C02453,28,120.0,3201.1,4,1
C02454,59,40.9,2369.07,2,0
C02455,18,66.96,1142.6,2,1
C02456,32,71.89,2309.58,1,0
C02457,20,32.97,677.03,0,0
C02458,50,90.01,4472.66,4,0
C02459,7,31.29,194.63,0,0
C02460,6,71.86,357.3,0,1
C02461,54,61.7,3345.78,1,1
C02462,7,93.23,676.9,3,1
C02463,50,107.56,5246.68,3,1
C02464,2,113.26,188.63,3,1
C02465,7,77.55,640.63,1,1
C02466,67,15.0,988.0,1,0
C02467,28,88.35,2554.13,4,0
C02468,65,90.73,5918.17,6,0
C02469,58,85.77,4959.22,4,1
C02470,42,65.05,2657.98,2,0
C02471,53,45.07,2314.26,3,0
C02472,45,16.78,747.36,2,1
C02473,69,51.96,3529.62,2,0
C02474,68,120.0,8159.0,4,0
C02475,40,57.1,2277.02,5,1
C02476,49,64.01,3062.02,0,0
C02477,55,120.0,6643.65,9,1
C02478,48,38.71,1883.97,2,0
C02479,62,44.57,2801.1,1,0
C02480,0,15.48,,2,0
C02481,35,120.0,4080.29,5,1
C02482,51,72.69,3601.08,0,0
C02483,60,60.1,3613.28,0,0
C02484,52,53.06,2843.14,2,0
C02485,30,90.72,2709.8,3,1
C02486,29,63.68,1784.75,4,1
C02487,49,66.93,3334.96,0,1
C02488,70,65.66,4547.12,0,0
C02489,64,50.36,3279.01,1,0
C02490,4,30.26,76.31,0,0
C02491,67,91.83,6153.84,2,0
C02492,36,37.16,1395.74,3,1
C02493,11,34.0,378.04,1,1
C02494,65,87.24,5676.2,3,1
C02495,58,120.0,6958.62,3,0
C02496,67,42.52,2811.7,0,0
C02497,70,56.57,4057.94,3,0
C02498,55,97.23,5342.62,3,0
C02499,14,78.01,1106.71,1,0
