user_id,user_age_days,pre_spend,adopted_feature,post_spend
U00000,481,49.42,0,46.28
U00001,370,68.92,0,72.38
U00002,391,81.89,1,101.47
U00003,163,76.69,1,87.06
U00004,166,22.46,0,23.56
U00005,390,40.33,0,39.28
U00006,78,29.01,0,24.77
U00007,115,58.75,1,71.61
U00008,145,13.11,0,5.0
U00009,488,20.7,1,30.24
U00010,697,158.12,1,172.0
U00011,650,45.89,0,56.47
U00012,299,37.66,0,32.2
U00013,91,82.52,1,93.25
U00014,173,59.33,1,88.2
U00015,379,77.65,1,86.14
U00016,384,42.18,0,32.38
U00017,345,24.63,0,38.4
U00018,560,62.11,1,64.15
U00019,300,17.67,0,20.46
U00020,132,31.06,0,35.87
U00021,379,38.39,0,39.05
U00022,470,43.01,1,55.38
U00023,593,116.41,1,125.01
U00024,200,44.26,0,42.03
U00025,440,34.85,0,29.47
U00026,352,54.28,1,80.81
U00027,39,42.53,0,35.65
U00028,411,49.71,0,45.24
U00029,524,49.57,1,50.65
U00030,111,30.48,1,38.81
U00031,506,66.13,1,80.97
U00032,377,10.82,1,24.4
U00033,521,13.83,1,28.67
U00034,605,65.46,1,79.47
U00035,628,60.44,0,67.03
U00036,61,82.67,1,102.12
U00037,50,201.17,1,214.21
U00038,715,11.58,0,6.21
U00039,563,28.26,0,27.4
U00040,58,40.69,1,59.04
U00041,589,66.14,0,61.07
U00042,424,67.97,0,72.29
U00043,32,20.41,1,30.58
U00044,452,18.2,0,9.65
U00045,229,131.41,1,155.8
U00046,578,24.97,0,14.38
U00047,153,106.79,1,113.45
U00048,406,12.8,1,21.66
U00049,247,10.8,0,6.03
U00050,644,33.98,1,37.24
U00051,633,17.77,1,31.55
U00052,323,88.79,1,105.0
U00053,393,45.96,0,36.0
U00054,480,32.32,0,42.34
U00055,496,10.35,0,5.0
U00056,580,56.2,1,68.55
U00057,340,32.13,0,31.73
U00058,453,92.91,0,88.76
U00059,664,14.12,1,27.23
U00060,76,66.55,1,88.71
U00061,676,43.39,1,60.02
U00062,381,30.76,0,32.28
U00063,190,60.04,1,75.5
U00064,37,42.02,1,49.23
U00065,412,118.34,1,131.35
U00066,423,38.8,1,60.42
U00067,456,65.92,0,78.5
U00068,49,80.94,1,88.84
U00069,334,11.74,0,12.27
U00070,558,18.43,1,38.28
U00071,142,24.0,0,29.15
U00072,236,12.91,0,21.39
U00073,148,13.11,0,15.05
U00074,725,93.9,1,105.18
U00075,135,13.71,0,12.11
U00076,278,24.15,1,40.67
U00077,128,101.5,0,98.22
U00078,245,34.85,0,35.94
U00079,256,36.12,1,47.61
U00080,694,43.9,1,61.46
U00081,36,49.7,0,56.06
U00082,442,34.96,1,54.67
U00083,675,12.67,1,16.14
U00084,689,109.13,1,124.97
U00085,513,13.46,1,20.64
U00086,105,29.81,1,49.05
U00087,297,15.41,0,6.13
U00088,204,42.66,0,39.2
U00089,250,52.66,0,53.81
U00090,486,33.42,0,34.7
U00091,503,35.01,1,52.54
U00092,709,20.55,1,25.47
U00093,177,43.13,0,52.98
U00094,600,43.9,0,35.05
U00095,411,40.16,1,58.43
U00096,405,42.31,0,38.9
U00097,410,20.5,1,63.1
U00098,585,13.84,0,20.18
U00099,557,184.61,1,202.04
U00100,58,168.13,1,173.93
U00101,641,12.94,0,10.82
U00102,199,14.58,0,21.87
U00103,174,145.68,1,177.73
U00104,616,233.62,1,246.21
U00105,191,81.05,1,94.91
U00106,523,20.88,1,47.04
U00107,484,14.77,1,18.32
U00108,549,25.5,0,23.32
U00109,448,45.23,1,65.35
U00110,180,34.19,0,40.16
U00111,506,53.66,1,58.99
U00112,371,22.38,1,28.32
U00113,591,70.83,1,79.22
U00114,449,20.79,0,8.14
U00115,699,34.29,0,38.82
U00116,222,86.0,1,97.97
U00117,590,74.69,1,103.08
U00118,214,58.95,0,63.65
U00119,453,58.77,1,74.38
U00120,310,32.85,0,42.41
U00121,182,14.32,1,23.07
U00122,493,26.08,0,19.54
U00123,327,104.13,1,108.41
U00124,44,117.48,1,141.13
U00125,235,74.02,1,92.95
U00126,602,190.02,1,197.22
U00127,672,131.59,1,140.86
U00128,571,221.42,1,228.21
U00129,32,13.8,0,5.0
U00130,170,33.83,0,37.51
U00131,384,50.9,1,68.34
U00132,37,36.71,1,37.78
U00133,229,46.44,1,71.27
U00134,84,46.58,1,63.68
U00135,40,69.66,1,76.83
U00136,654,123.78,1,140.25
U00137,666,48.16,1,53.9
U00138,464,22.41,0,16.59
U00139,301,40.46,1,20.76
U00140,387,47.28,0,28.62
U00141,356,44.31,1,51.73
U00142,433,65.52,0,70.39
U00143,462,10.56,0,10.94
U00144,282,38.43,1,49.04
U00145,354,84.13,1,78.39
U00146,477,61.65,1,78.0
U00147,482,29.55,1,44.2
U00148,244,47.42,0,33.6
U00149,151,31.81,0,33.35
U00150,147,24.82,1,40.48
U00151,153,47.66,0,31.03
U00152,202,10.09,0,5.0
U00153,590,23.64,1,23.85
U00154,384,40.58,0,15.42
U00155,392,55.73,0,54.4
U00156,643,43.09,1,66.45
U00157,408,55.29,1,65.75
U00158,315,29.45,0,32.27
U00159,204,54.78,0,63.54
U00160,36,41.8,0,27.24
U00161,504,25.11,1,35.06
U00162,490,45.74,1,58.86
U00163,208,189.77,1,189.8
U00164,426,30.48,0,27.82
U00165,487,62.54,1,63.47
U00166,305,39.47,1,59.12
U00167,589,69.16,1,91.03
U00168,250,34.03,0,26.85
U00169,510,10.25,0,8.53
U00170,478,43.34,0,47.51
U00171,239,25.44,0,44.31
U00172,714,62.82,1,73.94
U00173,465,54.12,0,56.74
U00174,512,14.08,1,28.14
U00175,581,31.65,1,55.19
U00176,618,75.02,0,62.2
U00177,627,90.67,1,101.55
U00178,447,20.15,1,32.19
U00179,351,15.05,0,8.76
U00180,228,82.8,1,97.21
U00181,599,74.17,1,87.17
U00182,246,10.32,0,7.34
U00183,446,49.86,0,41.43
U00184,307,20.08,0,29.15
U00185,706,38.99,0,53.54
U00186,687,19.14,1,24.12
U00187,116,51.96,0,54.02
U00188,158,31.97,0,30.28
U00189,527,24.39,0,32.39
U00190,690,15.9,0,5.0
U00191,291,10.78,0,5.0
U00192,389,40.1,0,39.79
U00193,300,60.4,1,80.52
U00194,658,55.81,1,57.68
U00195,703,36.61,1,69.33
U00196,112,20.09,1,26.39
U00197,369,23.41,0,25.27
U00198,68,46.31,0,44.31
U00199,429,38.08,1,50.06
U00200,172,90.18,1,120.68
U00201,329,96.66,1,105.49
U00202,153,290.93,1,289.35
U00203,593,52.88,1,73.42
U00204,242,43.8,0,31.42
U00205,648,36.5,0,44.13
U00206,72,62.74,1,72.74
U00207,366,61.33,0,64.76
U00208,373,44.07,0,37.77
U00209,142,42.01,0,43.82
U00210,292,37.4,1,57.8
U00211,201,11.62,1,21.46
U00212,455,34.59,0,47.19
U00213,53,26.83,1,50.09
U00214,678,21.28,1,38.69
U00215,484,17.86,0,11.24
U00216,660,19.86,0,10.61
U00217,496,45.06,1,68.57
U00218,415,193.41,1,204.47
U00219,259,22.28,1,42.09
U00220,169,100.98,1,123.5
U00221,107,11.67,0,5.0
U00222,418,53.72,1,56.59
U00223,56,11.37,0,8.48
U00224,92,14.63,1,32.78
U00225,267,19.49,1,48.35
U00226,51,27.45,0,27.74
U00227,519,15.77,0,21.07
U00228,72,191.2,1,207.68
U00229,435,127.61,1,144.65
U00230,298,50.16,0,52.48
U00231,271,48.67,0,56.95
U00232,242,15.1,0,6.06
U00233,272,26.85,1,47.04
U00234,143,14.21,0,5.0
U00235,720,44.95,1,47.38
U00236,635,20.76,1,36.46
U00237,543,79.14,1,88.37
U00238,162,12.0,1,21.23
U00239,59,17.35,1,27.55
U00240,729,48.36,1,65.75
U00241,416,44.28,1,72.81
U00242,124,24.71,0,25.9
U00243,321,96.51,1,101.86
U00244,331,13.71,0,21.88
U00245,602,32.26,0,32.7
U00246,64,20.38,0,12.24
U00247,514,16.14,0,10.03
U00248,702,18.1,1,28.92
U00249,118,70.04,1,78.36
U00250,392,95.6,1,113.96
U00251,594,92.03,1,98.12
U00252,217,18.18,0,22.06
U00253,386,111.47,1,119.78
U00254,167,34.99,0,42.31
U00255,118,129.06,0,151.08
U00256,599,88.81,1,94.33
U00257,387,40.95,1,55.34
U00258,680,96.38,1,99.24
U00259,105,57.09,0,44.75
U00260,713,43.28,0,43.86
U00261,140,46.76,1,58.42
U00262,544,20.82,0,10.56
U00263,632,105.1,1,113.91
U00264,666,16.36,1,25.31
U00265,132,14.73,1,33.54
U00266,128,132.82,1,145.99
U00267,346,68.99,1,92.29
U00268,367,33.94,0,31.31
U00269,426,10.78,1,27.95
U00270,145,12.49,0,15.35
U00271,436,16.34,0,14.97
U00272,624,45.96,0,46.47
U00273,612,107.48,0,100.37
U00274,386,12.83,1,31.87
U00275,482,13.65,1,35.85
U00276,299,79.24,1,75.56
U00277,198,40.65,1,46.52
U00278,511,16.98,1,33.52
U00279,369,40.47,0,43.54
U00280,611,67.67,1,84.55
U00281,129,14.85,0,33.12
U00282,544,23.28,1,35.7
U00283,627,59.98,1,74.46
U00284,185,27.71,1,45.28
U00285,289,86.88,1,104.92
U00286,483,29.85,0,47.05
U00287,468,23.31,1,24.55
U00288,582,75.82,1,76.18
U00289,514,31.4,1,42.98
U00290,549,49.6,1,62.06
U00291,287,38.63,1,45.62
U00292,186,25.98,0,29.3
U00293,232,19.94,1,34.4
U00294,677,62.32,0,57.91
U00295,75,44.63,1,58.48
U00296,209,132.71,0,144.79
U00297,305,38.41,0,31.97
U00298,134,10.78,0,8.58
U00299,145,10.53,0,25.75
U00300,384,15.99,1,38.31
U00301,644,37.84,0,31.74
U00302,410,16.79,1,35.71
U00303,355,49.55,1,63.59
U00304,680,97.79,1,111.93
U00305,596,176.78,1,200.68
U00306,261,12.77,0,8.16
U00307,407,188.18,1,200.13
U00308,244,50.97,1,56.39
U00309,500,86.66,0,103.07
U00310,231,61.72,0,68.06
U00311,377,41.41,1,44.44
U00312,475,158.69,1,172.94
U00313,207,13.18,0,7.57
U00314,56,81.59,1,81.07
U00315,32,13.98,0,5.0
U00316,144,19.72,0,19.71
U00317,607,50.53,1,68.45
U00318,566,30.54,1,37.69
U00319,621,66.14,0,85.26
U00320,66,23.65,0,6.19
U00321,245,22.93,1,34.93
U00322,423,34.27,0,34.42
U00323,76,29.76,0,47.6
U00324,64,41.17,1,65.33
U00325,273,19.43,0,13.49
U00326,635,52.11,1,55.37
U00327,683,93.47,1,95.35
U00328,277,170.12,1,186.67
U00329,453,33.6,0,40.18
U00330,419,39.52,1,55.93
U00331,250,42.11,0,52.75
U00332,706,113.51,1,116.97
U00333,47,100.3,0,86.36
U00334,353,10.42,0,5.0
U00335,497,188.54,1,199.03
U00336,541,39.87,1,53.95
U00337,513,42.88,0,47.56
U00338,334,19.2,1,29.95
U00339,285,100.45,1,119.94
U00340,555,20.56,0,5.0
U00341,180,28.1,0,33.27
U00342,562,62.16,1,71.66
U00343,447,21.19,0,16.9
U00344,255,112.27,1,129.2
U00345,556,19.82,1,26.85
U00346,76,30.19,0,26.1
U00347,54,76.39,0,85.12
U00348,351,24.64,0,28.31
U00349,565,18.23,0,5.0
U00350,454,33.29,0,36.22
U00351,208,129.44,1,124.78
U00352,591,67.6,1,90.77
U00353,117,52.09,1,72.69
U00354,647,51.66,1,66.22
U00355,325,63.22,1,79.95
U00356,538,76.31,1,85.25
U00357,394,56.6,1,79.8
U00358,196,48.68,0,58.56
U00359,320,85.35,1,107.81
U00360,269,64.54,1,66.09
U00361,82,55.67,0,58.64
U00362,41,15.33,0,17.05
U00363,695,107.12,1,112.3
U00364,643,40.05,1,55.96
U00365,99,17.33,0,5.0
U00366,339,88.52,1,85.68
U00367,308,40.96,1,56.19
U00368,97,39.06,0,42.86
U00369,153,22.85,1,22.89
U00370,640,18.26,0,12.33
U00371,637,22.53,0,16.33
U00372,494,30.0,0,8.54
U00373,296,29.89,0,36.21
U00374,200,145.57,1,148.25
U00375,281,118.07,1,134.85
U00376,517,43.47,1,65.03
U00377,424,11.72,1,29.74
U00378,563,208.13,1,230.19
U00379,163,45.71,0,55.08
U00380,714,38.31,1,46.26
U00381,479,91.79,0,81.31
U00382,184,12.76,0,9.37
U00383,430,60.98,1,66.79
U00384,671,85.39,1,88.15
U00385,399,17.39,0,12.95
U00386,585,38.92,0,35.17
U00387,680,106.57,1,113.31
U00388,102,11.07,0,19.48
U00389,67,14.4,0,15.64
U00390,642,92.38,1,107.28
U00391,656,71.19,1,88.96
U00392,546,138.26,1,157.04
U00393,162,15.38,0,19.69
U00394,702,27.62,0,19.23
U00395,406,26.77,1,35.09
U00396,128,18.49,1,29.45
U00397,219,47.51,1,56.43
U00398,236,14.28,0,16.12
U00399,601,35.66,1,39.65
U00400,413,22.28,1,43.39
U00401,56,56.28,1,75.3
U00402,612,40.88,1,48.56
U00403,173,23.24,0,26.08
U00404,85,26.51,1,25.99
U00405,61,39.23,1,49.77
U00406,537,94.22,1,102.32
U00407,639,55.75,1,79.58
U00408,127,83.42,0,89.7
U00409,74,13.36,0,15.82
U00410,615,16.02,0,10.76
U00411,98,38.08,0,37.1
U00412,557,44.1,1,53.6
U00413,676,24.71,0,19.46
U00414,390,74.05,1,87.73
U00415,401,13.23,0,6.66
U00416,191,42.45,1,67.39
U00417,33,93.96,0,77.64
U00418,489,57.57,0,57.68
U00419,479,27.43,1,33.96
U00420,309,152.94,1,157.04
U00421,351,11.19,1,27.91
U00422,191,27.82,0,37.01
U00423,679,43.77,1,60.13
U00424,452,55.89,1,66.49
U00425,233,11.11,0,10.74
U00426,552,46.72,1,67.32
U00427,77,99.57,1,111.92
U00428,566,27.71,0,5.0
U00429,624,56.12,1,75.42
U00430,251,20.4,0,10.1
U00431,391,14.79,0,5.0
U00432,638,47.94,1,61.24
U00433,613,19.48,1,46.98
U00434,43,21.73,1,31.82
U00435,436,94.12,1,106.37
U00436,465,85.16,1,87.12
U00437,442,114.42,1,129.21
U00438,462,119.04,1,124.76
U00439,523,13.18,0,24.93
U00440,450,67.16,0,66.4
U00441,220,53.83,0,36.47
U00442,168,51.82,1,70.77
U00443,112,12.25,0,16.69
U00444,41,16.42,0,14.97
U00445,661,11.26,0,14.14
U00446,84,159.27,1,165.76
U00447,671,52.66,1,62.72
U00448,300,27.4,1,44.57
U00449,728,28.01,1,34.06
U00450,98,139.09,1,170.43
U00451,692,13.18,1,35.99
U00452,51,32.2,0,34.46
U00453,233,13.3,0,5.0
U00454,425,50.73,0,58.74
U00455,669,18.58,1,25.55
U00456,290,46.59,1,41.89
U00457,580,19.04,0,12.93
U00458,403,14.91,0,12.6
U00459,331,138.75,1,140.41
U00460,708,14.2,0,22.44
U00461,165,18.6,0,23.77
U00462,645,54.64,1,71.05
U00463,236,73.08,1,90.7
U00464,480,21.57,0,5.0
U00465,426,110.75,1,130.07
U00466,676,23.27,1,26.51
U00467,714,27.58,1,29.53
U00468,125,15.92,1,28.79
U00469,245,11.82,0,5.0
U00470,465,15.18,1,25.46
U00471,720,59.93,1,67.82
U00472,194,65.33,0,51.9
U00473,143,10.13,0,5.0
U00474,698,24.93,0,20.23
U00475,611,38.66,0,37.23
U00476,299,46.8,0,39.26
U00477,388,26.43,0,46.47
U00478,706,33.45,1,50.63
U00479,447,100.09,1,119.88
U00480,158,21.76,0,25.81
U00481,503,21.25,1,34.72
U00482,221,26.94,0,15.85
U00483,152,122.86,1,152.85
U00484,372,88.1,1,90.85
U00485,429,75.34,1,104.36
U00486,381,45.5,0,53.63
U00487,646,22.28,1,24.49
U00488,432,39.55,1,50.21
U00489,481,152.29,1,173.09
U00490,632,31.05,1,41.7
U00491,724,43.58,0,36.24
U00492,82,97.37,1,109.56
U00493,628,60.78,1,77.08
U00494,384,18.61,1,30.32
U00495,345,49.95,0,37.38
U00496,638,56.75,1,67.51
U00497,447,140.83,1,142.83
U00498,400,18.68,0,11.4
U00499,180,17.79,1,28.06
U00500,343,58.84,0,54.76
U00501,188,74.48,1,99.92
U00502,299,32.73,1,46.66
U00503,114,39.51,1,58.16
U00504,68,18.12,0,21.48
U00505,504,12.73,1,28.1
U00506,500,53.35,1,66.41
U00507,455,16.26,0,17.51
U00508,504,19.69,1,35.18
U00509,257,16.45,0,5.46
U00510,683,106.38,1,137.36
U00511,531,79.45,1,83.84
U00512,298,45.08,1,45.68
U00513,473,32.15,1,38.22
U00514,484,68.1,1,82.46
U00515,697,41.37,0,40.23
U00516,607,27.14,0,34.9
U00517,688,37.03,1,63.91
U00518,551,11.89,0,18.08
U00519,563,19.82,1,32.75
U00520,612,18.38,0,20.82
U00521,264,20.06,0,12.27
U00522,128,23.19,0,23.06
U00523,526,69.17,1,70.99
U00524,597,25.82,1,49.31
U00525,529,69.45,1,78.96
U00526,686,23.52,0,22.7
U00527,241,59.29,1,47.29
U00528,613,141.07,1,134.28
U00529,602,17.58,0,5.0
U00530,649,63.79,0,58.56
U00531,408,53.83,1,62.32
U00532,446,100.06,1,126.2
U00533,475,43.76,1,41.93
U00534,368,55.21,0,40.54
U00535,403,12.65,0,5.0
U00536,105,59.49,0,55.41
U00537,328,40.83,1,38.29
U00538,380,19.46,0,12.31
U00539,270,62.61,0,65.61
U00540,665,26.46,0,16.09
U00541,605,102.73,1,119.93
U00542,239,38.61,1,44.48
U00543,702,49.01,0,46.68
U00544,623,19.37,1,47.53
U00545,134,41.68,0,31.29
U00546,261,19.89,0,9.12
U00547,298,154.65,1,168.38
U00548,591,15.8,1,41.7
U00549,564,22.05,1,20.67
U00550,258,42.31,0,37.55
U00551,302,72.14,0,86.82
U00552,57,44.58,0,36.7
U00553,679,36.99,1,49.67
U00554,209,41.52,0,30.57
U00555,391,45.14,1,52.14
U00556,296,77.64,1,87.7
U00557,530,21.54,1,30.9
U00558,495,36.87,1,51.16
U00559,616,33.9,0,24.49
U00560,675,22.42,1,32.97
U00561,344,55.04,0,52.36
U00562,101,108.25,1,114.64
U00563,180,28.92,0,29.38
U00564,425,28.74,1,61.38
U00565,61,63.41,0,52.83
U00566,658,26.81,0,43.42
U00567,722,122.96,1,128.04
U00568,728,58.5,1,67.75
U00569,497,18.78,1,29.69
U00570,479,50.41,1,56.56
U00571,690,17.24,1,44.33
U00572,231,31.11,0,35.23
U00573,691,12.29,0,5.0
U00574,218,30.91,0,20.94
U00575,63,15.45,0,10.04
U00576,466,78.1,0,79.1
U00577,382,54.86,0,63.37
U00578,135,24.58,0,27.0
U00579,655,12.16,0,10.5
U00580,93,39.38,0,54.19
U00581,190,67.24,1,87.11
U00582,85,14.68,1,26.78
U00583,488,23.71,0,20.9
U00584,31,59.21,1,84.66
U00585,479,15.05,0,5.0
U00586,431,65.33,1,86.53
U00587,191,38.75,0,34.57
U00588,407,28.91,1,48.99
U00589,346,81.25,1,93.33
U00590,500,22.7,0,24.03
U00591,627,27.33,0,25.48
U00592,190,22.28,0,21.12
U00593,717,51.99,1,67.51
U00594,692,10.96,0,12.53
U00595,406,35.8,0,35.51
U00596,595,50.16,1,69.15
U00597,272,60.55,1,61.83
U00598,298,52.21,0,46.92
U00599,423,29.49,1,52.27
U00600,249,22.49,1,36.77
U00601,37,124.57,1,130.76
U00602,452,56.76,1,56.24
U00603,45,54.99,0,46.9
U00604,405,37.67,0,21.53
U00605,400,38.33,1,69.32
U00606,350,50.95,1,70.25
U00607,55,13.76,0,7.83
U00608,433,47.4,0,48.16
U00609,35,13.03,0,13.93
U00610,437,19.56,1,44.12
U00611,36,21.1,0,19.01
U00612,729,44.56,1,63.98
U00613,112,19.83,0,15.09
U00614,675,127.43,1,139.46
U00615,579,53.74,1,65.67
U00616,526,44.76,1,65.6
U00617,511,13.64,1,22.11
U00618,650,26.05,0,10.86
U00619,550,45.96,0,52.93
U00620,678,67.99,1,78.25
U00621,118,86.55,1,113.16
U00622,299,13.77,1,20.18
U00623,352,11.9,0,12.26
U00624,317,16.75,0,24.08
U00625,333,45.29,0,46.18
U00626,277,37.05,0,29.57
U00627,591,76.41,1,82.7
U00628,400,57.85,1,64.1
U00629,89,22.08,0,21.71
U00630,660,27.26,1,27.77
U00631,250,84.51,1,94.11
U00632,340,121.28,1,119.05
U00633,728,16.74,0,7.08
U00634,628,22.83,1,28.76
U00635,638,21.98,0,21.82
U00636,359,39.25,0,39.2
U00637,563,66.37,1,77.7
U00638,720,72.14,0,71.14
U00639,212,16.65,0,16.07
U00640,429,15.58,0,5.0
U00641,637,14.03,1,20.04
U00642,296,13.95,0,13.32
U00643,534,37.93,0,29.2
U00644,217,46.92,0,52.67
U00645,435,130.37,1,123.92
U00646,149,17.25,0,8.61
U00647,208,11.58,0,16.88
U00648,324,39.84,0,40.09
U00649,192,13.67,0,26.24
U00650,308,17.57,0,29.01
U00651,691,12.23,1,25.9
U00652,513,10.85,1,11.94
U00653,243,16.62,0,14.5
U00654,584,171.75,1,179.46
U00655,365,80.84,1,88.91
U00656,447,21.41,0,12.36
U00657,378,10.2,0,5.0
U00658,680,18.47,0,24.27
U00659,588,12.18,1,34.89
U00660,339,28.41,0,24.2
U00661,241,18.13,1,37.47
U00662,224,36.35,1,45.08
U00663,637,19.57,1,17.95
U00664,40,41.55,0,35.16
U00665,51,20.17,0,5.0
U00666,197,17.33,0,17.82
U00667,286,68.09,1,81.07
U00668,35,38.44,1,60.6
U00669,347,52.16,1,70.96
U00670,59,11.38,0,27.82
U00671,635,18.64,1,28.46
U00672,430,25.9,0,13.65
U00673,193,16.1,1,38.65
U00674,72,108.36,1,105.11
U00675,117,40.5,0,50.86
U00676,618,50.13,0,45.26
U00677,516,47.0,1,55.67
U00678,660,19.75,1,24.0
U00679,628,58.13,1,78.25
U00680,519,58.96,0,58.27
U00681,222,35.97,0,45.16
U00682,629,10.67,0,19.14
U00683,343,22.98,0,6.85
U00684,186,94.31,1,113.26
U00685,361,47.4,0,45.15
U00686,443,19.5,0,11.84
U00687,378,31.89,1,33.04
U00688,77,26.67,1,45.86
U00689,532,46.53,1,72.32
U00690,233,53.55,1,71.85
U00691,373,25.83,0,24.03
U00692,661,54.65,1,70.11
U00693,638,37.33,0,30.03
U00694,720,92.73,1,110.73
U00695,49,11.62,1,32.11
U00696,168,53.66,1,69.03
U00697,66,21.84,0,28.93
U00698,517,15.11,0,26.37
U00699,59,53.89,0,62.99
U00700,119,53.15,1,54.74
U00701,718,40.38,1,60.57
U00702,113,41.66,1,49.76
U00703,204,69.33,0,63.42
U00704,531,16.45,1,32.68
U00705,518,105.23,1,119.99
U00706,224,38.47,0,31.93
U00707,718,14.67,1,21.91
U00708,574,57.95,1,64.31
U00709,714,28.57,0,30.92
U00710,166,24.16,0,26.44
U00711,657,26.4,1,39.64
U00712,545,13.62,1,34.5
U00713,256,43.02,1,48.94
U00714,318,57.08,1,70.03
U00715,379,242.46,1,243.07
U00716,99,47.43,1,70.6
U00717,87,20.56,0,15.39
U00718,692,32.29,1,57.23
U00719,481,10.84,0,12.72
U00720,72,52.08,1,59.15
U00721,449,62.02,1,80.11
U00722,611,19.78,1,19.95
U00723,311,72.22,1,93.22
U00724,190,27.62,1,46.12
U00725,92,69.35,0,84.27
U00726,393,50.24,0,64.52
U00727,215,35.37,1,42.39
U00728,711,87.94,1,99.86
U00729,631,11.82,0,5.0
U00730,49,59.89,1,86.5
U00731,714,46.01,1,55.55
U00732,368,43.71,0,50.75
U00733,512,42.03,1,64.37
U00734,359,67.05,0,61.82
U00735,528,26.2,0,16.39
U00736,290,60.74,0,51.36
U00737,695,191.56,1,200.96
U00738,226,14.77,1,21.7
U00739,198,22.48,1,34.65
U00740,484,33.0,0,16.98
U00741,336,23.67,1,32.76
U00742,114,60.41,1,60.1
U00743,617,23.95,1,34.14
U00744,505,132.71,1,158.75
U00745,413,119.09,1,137.05
U00746,621,31.57,0,32.92
U00747,358,101.04,1,115.36
U00748,535,46.79,1,65.83
U00749,672,140.67,1,148.64
U00750,247,15.65,0,10.74
U00751,482,95.77,1,108.4
U00752,166,12.07,0,5.0
U00753,220,11.75,0,26.96
U00754,325,27.02,0,29.74
U00755,96,208.14,1,212.98
U00756,605,18.2,0,20.1
U00757,292,13.98,0,13.53
U00758,664,13.14,1,30.89
U00759,504,111.01,1,121.01
U00760,450,29.5,0,29.47
U00761,395,51.4,0,60.42
U00762,411,119.54,1,138.18
U00763,699,27.07,1,47.49
U00764,628,13.79,1,22.64
U00765,703,21.45,0,31.13
U00766,263,66.52,1,73.91
U00767,531,56.37,0,54.66
U00768,649,49.36,0,49.48
U00769,497,19.72,1,28.5
U00770,564,224.17,1,236.16
U00771,697,18.54,0,30.53
U00772,276,84.72,1,96.33
U00773,663,20.6,0,18.94
U00774,182,22.68,0,19.2
U00775,351,50.76,1,52.86
U00776,728,51.58,0,45.43
U00777,687,24.33,0,21.74
U00778,53,36.39,0,23.59
U00779,60,16.5,0,8.17
U00780,154,50.39,1,73.7
U00781,686,22.51,1,34.39
U00782,209,40.17,0,60.11
U00783,37,60.87,0,62.8
U00784,238,52.6,0,46.46
U00785,217,28.15,1,44.29
U00786,540,17.92,0,26.55
U00787,435,20.66,1,32.64
U00788,267,66.08,1,71.79
U00789,335,96.41,1,115.07
U00790,195,21.73,0,24.04
U00791,129,12.02,0,10.74
U00792,157,45.63,0,45.43
U00793,118,72.09,0,74.35
U00794,340,11.98,1,29.48
U00795,245,40.55,0,57.83
U00796,112,77.93,1,106.68
U00797,721,10.95,1,21.42
U00798,488,21.4,1,31.24
U00799,397,12.01,1,30.67
U00800,572,32.99,0,17.62
U00801,588,13.96,1,18.07
U00802,668,94.53,1,113.55
U00803,372,14.44,0,8.89
U00804,353,55.46,1,67.64
U00805,722,100.41,0,106.17
U00806,601,25.53,1,26.16
U00807,686,60.13,1,68.73
U00808,73,41.78,0,31.51
U00809,397,67.86,1,72.35
U00810,265,72.15,0,60.04
U00811,522,31.62,0,30.59
U00812,719,74.93,0,68.14
U00813,567,89.56,1,104.54
U00814,565,10.23,0,19.74
U00815,612,31.68,0,26.83
U00816,306,38.62,1,49.79
U00817,568,11.5,0,17.44
U00818,561,36.59,0,22.91
U00819,608,36.28,1,42.35
U00820,125,14.08,0,21.78
U00821,680,32.82,0,52.9
U00822,441,17.73,0,5.0
U00823,714,65.02,1,84.47
U00824,524,40.64,0,33.1
U00825,711,60.04,1,74.44
U00826,468,18.89,1,31.12
U00827,714,14.67,1,23.5
U00828,143,40.49,1,48.35
U00829,448,32.87,1,34.07
U00830,180,47.02,1,74.26
U00831,494,19.1,0,19.19
U00832,180,34.05,0,28.62
U00833,269,30.32,0,23.53
U00834,602,107.09,1,116.63
U00835,370,15.24,0,5.0
U00836,591,24.12,0,41.26
U00837,630,33.84,1,42.91
U00838,494,50.25,0,59.22
U00839,31,29.32,1,46.78
U00840,259,11.07,1,19.04
U00841,712,105.57,1,122.17
U00842,614,155.4,1,175.49
U00843,248,68.52,1,82.86
U00844,377,37.09,1,45.95
U00845,626,37.97,0,37.41
U00846,186,16.48,1,40.97
U00847,155,19.42,0,10.77
U00848,615,18.12,0,21.39
U00849,80,155.34,1,168.4
U00850,65,20.39,1,32.17
U00851,428,58.15,1,73.37
U00852,537,49.31,1,70.22
U00853,125,21.79,0,21.06
U00854,321,89.25,0,88.1
U00855,214,70.91,1,87.32
U00856,301,193.52,1,204.08
U00857,55,31.17,1,42.07
U00858,408,47.1,0,44.28
U00859,683,58.96,1,62.99
U00860,233,17.09,0,18.27
U00861,594,11.0,0,24.28
U00862,388,26.32,1,41.05
U00863,616,34.83,1,46.18
U00864,566,24.15,0,13.9
U00865,257,16.14,0,21.45
U00866,239,54.43,0,45.42
U00867,267,37.03,1,55.81
U00868,510,41.66,1,44.78
U00869,540,21.76,0,26.35
U00870,410,14.05,0,23.54
U00871,641,14.83,0,10.86
U00872,422,21.63,1,26.1
U00873,335,129.13,1,130.87
U00874,514,25.14,0,28.18
U00875,194,42.04,1,65.26
U00876,606,22.74,1,34.72
U00877,275,84.82,0,83.36
U00878,678,64.81,0,71.46
U00879,560,93.52,1,112.14
U00880,560,18.84,0,12.72
U00881,404,48.4,0,37.66
U00882,577,29.3,1,37.21
U00883,144,82.16,1,99.91
U00884,504,60.27,1,66.02
U00885,556,62.69,0,53.4
U00886,243,57.72,0,49.58
U00887,34,72.99,1,89.08
U00888,573,20.26,1,29.83
U00889,706,69.69,0,76.92
U00890,169,13.38,0,20.05
U00891,661,17.66,0,12.46
U00892,656,42.78,1,60.37
U00893,585,11.97,1,15.06
U00894,552,16.99,0,22.06
U00895,440,15.79,0,15.71
U00896,497,33.21,0,41.54
U00897,400,22.27,0,23.96
U00898,173,23.01,0,41.61
U00899,306,181.86,1,174.11
U00900,701,68.26,1,73.77
U00901,286,42.63,0,42.73
U00902,50,15.25,0,16.0
U00903,436,29.22,1,38.87
U00904,515,14.65,1,17.8
U00905,525,40.67,1,36.91
U00906,534,83.47,1,96.99
U00907,666,54.41,1,64.65
U00908,306,50.89,1,77.38
U00909,396,61.82,1,77.57
U00910,113,141.3,1,155.98
U00911,142,44.75,0,38.31
U00912,160,19.85,0,25.35
U00913,620,15.78,0,17.87
U00914,698,47.92,0,36.02
U00915,75,25.61,0,19.37
U00916,82,30.01,0,39.58
U00917,624,60.65,1,67.72
U00918,420,27.8,0,33.64
U00919,40,24.61,0,17.44
U00920,198,19.66,0,28.1
U00921,588,103.85,1,117.66
U00922,251,23.73,0,27.37
U00923,487,28.84,0,21.54
U00924,525,21.85,1,33.91
U00925,709,28.92,0,27.55
U00926,341,22.87,0,15.13
U00927,554,73.69,1,74.78
U00928,106,29.97,1,38.37
U00929,230,108.34,1,122.01
U00930,85,44.47,0,38.97
U00931,335,16.56,1,14.54
U00932,178,118.69,1,133.71
U00933,347,61.16,0,54.6
U00934,626,56.73,1,96.22
U00935,246,18.37,0,28.95
U00936,527,71.22,1,80.73
U00937,478,23.6,0,19.18
U00938,475,10.66,1,32.53
U00939,364,11.72,0,29.33
U00940,186,83.35,1,95.24
U00941,568,62.28,1,81.54
U00942,130,15.88,0,11.59
U00943,41,110.41,1,119.35
U00944,213,20.43,1,25.19
U00945,44,54.42,1,73.85
U00946,607,71.26,0,54.9
U00947,612,12.84,1,18.97
U00948,473,14.35,0,9.87
U00949,251,47.66,0,55.43
U00950,368,17.13,0,10.84
U00951,80,19.06,0,16.42
U00952,57,25.33,1,37.51
U00953,63,15.34,0,9.35
U00954,217,77.83,1,89.59
U00955,715,42.04,1,46.7
U00956,492,15.07,1,35.15
U00957,112,88.09,1,103.77
U00958,214,54.25,1,68.01
U00959,484,16.93,0,20.14
U00960,357,35.88,0,32.38
U00961,450,144.42,1,147.54
U00962,609,88.97,1,103.52
U00963,583,114.73,1,118.99
U00964,250,108.28,1,130.25
U00965,475,10.65,0,5.0
U00966,460,35.85,1,50.29
U00967,690,26.4,0,30.33
U00968,31,104.4,1,127.81
U00969,506,25.01,1,43.87
U00970,728,40.73,1,44.99
U00971,136,127.93,1,132.73
U00972,275,73.84,1,90.13
U00973,541,25.49,0,35.28
U00974,622,32.83,1,47.83
U00975,545,36.37,1,52.47
U00976,450,50.88,1,65.62
U00977,228,56.66,1,77.79
U00978,497,17.4,0,18.89
U00979,345,46.52,0,48.49
U00980,677,95.21,1,117.01
U00981,592,41.18,1,52.95
U00982,613,68.71,1,82.53
U00983,691,13.39,0,21.12
U00984,172,30.54,0,26.33
U00985,356,39.64,1,44.0
U00986,484,13.75,0,5.73
U00987,284,10.05,0,19.51
U00988,143,99.93,1,122.47
U00989,531,157.54,1,162.86
U00990,571,33.42,0,39.63
U00991,99,62.71,0,77.76
U00992,571,13.21,1,25.37
U00993,639,34.8,1,27.08
U00994,80,25.42,1,22.28
U00995,440,42.11,1,52.93
U00996,282,63.75,1,85.2
U00997,641,31.1,0,38.97
U00998,703,22.12,0,29.27
U00999,606,192.32,1,205.79
U01000,130,38.57,0,35.82
U01001,48,60.03,0,45.89
U01002,126,122.76,1,130.92
U01003,265,10.8,0,12.15
U01004,617,66.84,1,83.12
U01005,399,72.84,1,86.4
U01006,360,45.93,0,58.03
U01007,184,16.68,1,25.33
U01008,142,107.38,1,114.84
U01009,234,27.58,1,38.62
U01010,178,71.54,1,84.38
U01011,394,13.04,1,19.88
U01012,166,20.86,0,22.02
U01013,464,21.97,1,35.34
U01014,529,61.01,1,71.45
U01015,128,22.44,0,33.02
U01016,310,14.93,1,15.9
U01017,335,114.33,1,117.64
U01018,601,38.28,1,61.39
U01019,386,23.92,1,38.42
U01020,535,33.39,0,41.24
U01021,446,161.46,1,190.22
U01022,229,39.64,1,62.66
U01023,624,25.74,1,39.26
U01024,619,35.32,0,22.84
U01025,158,58.41,1,78.54
U01026,162,127.08,1,145.21
U01027,413,46.58,0,46.0
U01028,203,24.97,0,21.99
U01029,103,63.84,1,84.14
U01030,210,22.12,0,34.7
U01031,503,54.14,1,72.91
U01032,607,11.54,0,11.51
U01033,614,18.41,1,26.26
U01034,522,34.65,0,41.08
U01035,479,29.69,1,47.46
U01036,106,150.06,1,168.8
U01037,303,19.73,0,9.14
U01038,258,29.27,1,36.32
U01039,454,15.76,1,31.52
U01040,559,176.8,1,181.34
U01041,692,79.66,0,79.04
U01042,667,64.65,1,62.21
U01043,204,45.01,0,59.82
U01044,168,42.72,0,43.17
U01045,325,47.98,1,67.56
U01046,323,10.02,0,27.82
U01047,550,65.33,1,67.36
U01048,708,28.46,1,42.64
U01049,71,23.4,0,26.71
U01050,639,27.77,0,23.21
U01051,455,19.37,0,27.88
U01052,496,21.64,1,24.36
U01053,249,17.01,0,18.41
U01054,77,30.21,0,19.93
U01055,490,64.24,1,85.2
U01056,163,18.83,0,26.42
U01057,240,46.38,1,73.27
U01058,109,27.47,0,30.44
U01059,100,140.73,1,141.19
U01060,562,27.2,1,46.16
U01061,533,27.04,0,27.16
U01062,30,57.52,1,62.77
U01063,208,94.6,1,102.58
U01064,325,39.74,0,43.05
U01065,87,25.4,0,27.81
U01066,727,10.64,0,21.08
U01067,629,36.2,1,47.97
U01068,426,66.61,1,77.23
U01069,119,13.31,0,17.28
U01070,372,22.54,1,41.09
U01071,652,19.33,1,26.0
U01072,452,30.76,0,30.94
U01073,477,54.7,0,54.19
U01074,155,13.1,0,8.26
U01075,558,65.27,0,55.36
U01076,69,91.31,1,99.86
U01077,121,15.85,1,23.64
U01078,416,100.66,1,117.07
U01079,486,35.86,0,33.86
U01080,38,30.02,0,16.92
U01081,264,27.6,0,30.33
U01082,327,94.63,1,111.35
U01083,44,48.01,1,64.43
U01084,401,51.31,1,64.93
U01085,126,22.73,0,29.46
U01086,545,24.83,0,14.02
U01087,681,31.34,0,25.63
U01088,513,45.38,0,56.66
U01089,316,138.28,1,139.6
U01090,163,17.89,0,11.84
U01091,280,53.67,0,53.18
U01092,163,15.2,0,6.79
U01093,194,80.1,1,87.0
U01094,354,52.21,1,80.85
U01095,658,52.49,1,70.76
U01096,511,63.56,0,70.8
U01097,340,73.3,0,84.67
U01098,568,10.28,0,7.55
U01099,315,34.31,0,37.62
U01100,279,118.8,1,137.1
U01101,638,58.55,0,60.0
U01102,50,28.59,0,27.61
U01103,344,51.09,1,62.81
U01104,319,30.85,1,37.06
U01105,628,138.25,1,158.55
U01106,453,93.94,1,101.36
U01107,224,18.44,1,38.58
U01108,441,40.07,1,66.89
U01109,186,56.36,1,69.9
U01110,73,17.86,0,11.98
U01111,247,29.67,0,30.1
U01112,262,178.61,0,188.53
U01113,669,25.57,0,24.19
U01114,682,40.88,0,47.54
U01115,216,25.71,1,35.35
U01116,662,169.88,1,192.07
U01117,30,12.58,0,15.25
U01118,82,93.74,1,108.58
U01119,552,58.75,0,48.65
U01120,543,62.99,1,69.66
U01121,302,40.53,0,45.45
U01122,82,13.74,1,28.41
U01123,174,59.39,1,62.52
U01124,374,72.45,1,74.02
U01125,207,39.33,0,44.99
U01126,137,43.46,0,40.25
U01127,149,34.84,1,50.21
U01128,416,13.71,0,11.38
U01129,320,51.68,0,32.12
U01130,538,10.37,0,16.57
U01131,448,31.96,1,49.45
U01132,601,24.49,0,23.74
U01133,305,27.41,0,25.53
U01134,230,55.02,0,52.4
U01135,228,20.06,0,13.28
U01136,703,12.83,1,27.8
U01137,638,56.25,1,73.26
U01138,376,50.03,0,62.23
U01139,331,34.67,0,25.51
U01140,151,20.19,0,9.76
U01141,124,32.74,0,26.48
U01142,634,26.76,0,23.88
U01143,55,31.45,1,34.91
U01144,348,73.46,0,50.3
U01145,340,31.54,1,39.3
U01146,472,38.73,1,46.36
U01147,580,14.0,1,31.36
U01148,278,13.23,0,10.82
U01149,128,11.1,1,5.0
U01150,425,28.31,1,37.78
U01151,122,24.67,1,38.07
U01152,365,97.99,1,94.72
U01153,553,24.77,0,17.51
U01154,436,130.78,1,125.93
U01155,727,38.21,0,43.59
U01156,523,26.87,0,23.2
U01157,572,17.63,0,28.81
U01158,107,41.63,0,46.76
U01159,580,47.17,1,49.91
U01160,164,71.49,1,75.91
U01161,176,16.29,0,26.78
U01162,546,98.07,0,97.82
U01163,116,56.52,1,78.82
U01164,290,42.08,0,48.64
U01165,637,11.13,0,5.0
U01166,453,98.62,1,106.62
U01167,624,65.85,1,78.48
U01168,39,10.96,1,35.52
U01169,585,29.26,0,39.34
U01170,628,76.18,1,87.94
U01171,252,16.0,0,23.88
U01172,166,13.65,0,36.13
U01173,348,51.19,0,38.21
U01174,479,37.38,1,48.87
U01175,340,15.22,1,25.08
U01176,58,34.58,0,29.98
U01177,434,24.41,0,9.83
U01178,672,24.66,0,12.52
U01179,186,75.32,1,87.08
U01180,447,31.61,1,42.67
U01181,126,11.43,0,10.29
U01182,227,38.74,0,38.52
U01183,263,73.44,0,58.91
U01184,563,16.59,1,20.55
U01185,495,58.91,0,55.39
U01186,411,19.91,1,38.37
U01187,237,13.36,1,30.18
U01188,164,29.25,0,28.16
U01189,594,17.61,1,23.85
U01190,574,58.04,1,60.86
U01191,116,93.36,1,89.48
U01192,515,35.56,1,32.3
U01193,575,34.93,1,57.67
U01194,599,67.88,0,57.96
U01195,86,57.68,0,47.92
U01196,40,16.03,0,14.8
U01197,691,115.33,1,134.91
U01198,500,21.14,0,23.13
U01199,283,29.72,0,29.95
U01200,350,20.37,0,5.58
U01201,283,36.25,1,51.08
U01202,421,46.46,1,53.84
U01203,408,28.08,1,41.57
U01204,89,13.17,0,11.38
U01205,561,73.67,1,83.98
U01206,647,25.97,1,44.08
U01207,720,70.85,1,86.04
U01208,479,302.89,1,311.66
U01209,55,10.35,0,16.63
U01210,358,20.51,0,17.64
U01211,665,90.35,0,87.96
U01212,549,23.41,0,21.36
U01213,274,15.91,0,10.05
U01214,247,29.37,1,37.83
U01215,226,13.39,1,11.01
U01216,277,62.32,1,75.91
U01217,350,13.53,0,10.77
U01218,327,60.98,1,57.61
U01219,129,22.59,1,41.56
U01220,656,12.8,0,16.41
U01221,563,67.25,0,61.77
U01222,434,42.7,1,58.27
U01223,636,22.76,1,45.42
U01224,72,58.76,1,63.69
U01225,509,37.0,1,50.04
U01226,441,24.46,0,25.58
U01227,482,21.74,1,33.38
U01228,471,49.64,0,56.13
U01229,183,55.15,0,58.37
U01230,134,19.15,1,46.69
U01231,267,72.48,1,88.8
U01232,494,76.89,1,89.38
U01233,622,32.72,1,49.93
U01234,541,10.86,0,36.32
U01235,642,25.8,1,31.8
U01236,724,81.86,1,100.66
U01237,351,83.94,1,99.31
U01238,244,181.76,1,189.36
U01239,694,19.41,1,39.1
U01240,155,44.74,0,40.1
U01241,663,20.22,0,17.53
U01242,287,24.7,1,42.72
U01243,718,56.45,1,77.23
U01244,36,50.27,0,55.24
U01245,672,15.73,0,13.08
U01246,713,49.44,1,60.96
U01247,486,54.8,0,51.06
U01248,195,14.48,0,32.72
U01249,346,21.17,0,7.49
U01250,92,11.44,0,10.44
U01251,246,170.08,1,180.83
U01252,651,53.62,1,59.04
U01253,41,51.12,0,50.37
U01254,83,37.49,0,41.29
U01255,40,89.02,1,84.71
U01256,525,78.42,0,77.66
U01257,686,12.41,1,42.13
U01258,371,20.98,1,26.72
U01259,430,24.65,1,30.83
U01260,450,43.17,1,49.3
U01261,393,90.0,1,108.04
U01262,80,74.48,1,79.02
U01263,369,153.07,1,161.51
U01264,325,74.49,1,85.69
U01265,385,36.78,0,22.45
U01266,639,37.86,0,34.86
U01267,588,45.91,1,55.75
U01268,186,19.18,1,29.22
U01269,573,27.79,0,31.92
U01270,425,36.45,1,53.1
U01271,658,146.62,1,160.64
U01272,608,24.09,0,30.8
U01273,157,69.85,1,79.29
U01274,453,19.64,1,29.01
U01275,296,16.26,0,5.7
U01276,512,76.9,1,94.7
U01277,595,17.26,0,5.0
U01278,326,35.0,1,53.64
U01279,127,30.04,0,25.6
U01280,380,20.66,1,33.04
U01281,661,41.45,1,51.78
U01282,467,133.99,1,138.9
U01283,177,20.15,0,19.49
U01284,210,152.99,1,158.95
U01285,697,48.83,1,68.86
U01286,102,26.19,1,25.98
U01287,658,119.88,1,138.62
U01288,384,67.69,0,70.4
U01289,35,63.16,1,73.08
U01290,648,30.81,0,21.1
U01291,660,40.35,1,56.02
U01292,313,98.92,1,117.08
U01293,49,16.55,0,31.25
U01294,186,52.04,0,47.85
U01295,65,15.79,0,6.32
U01296,570,47.89,0,48.75
U01297,424,17.88,0,25.0
U01298,405,113.31,1,121.4
U01299,377,74.36,1,93.2
U01300,151,10.29,0,5.0
U01301,244,79.8,1,97.1
U01302,95,16.24,0,21.11
U01303,514,28.31,0,16.71
U01304,473,14.15,1,44.76
U01305,599,80.31,1,97.56
U01306,609,13.68,0,5.0
U01307,530,107.33,1,122.36
U01308,35,44.26,1,57.18
U01309,316,108.4,1,122.95
U01310,73,62.56,0,57.88
U01311,660,125.06,1,132.66
U01312,30,17.33,1,26.78
U01313,354,143.39,1,148.7
U01314,248,43.26,0,40.25
U01315,44,36.96,0,40.02
U01316,665,76.25,0,63.23
U01317,202,59.6,0,58.77
U01318,394,15.14,0,5.0
U01319,186,70.35,1,84.1
U01320,575,18.5,1,22.1
U01321,644,72.6,1,86.47
U01322,410,61.35,1,77.45
U01323,653,12.92,0,15.06
U01324,446,45.27,1,61.52
U01325,41,38.52,0,46.15
U01326,68,30.93,0,27.81
U01327,485,116.45,1,118.81
U01328,694,32.31,1,42.71
U01329,73,24.27,0,20.77
U01330,436,34.84,1,52.7
U01331,46,307.17,1,318.98
U01332,392,50.04,1,44.48
U01333,575,97.04,1,111.64
U01334,626,45.6,1,60.02
U01335,257,30.88,1,48.69
U01336,120,52.19,1,56.81
U01337,665,54.19,1,69.93
U01338,418,51.69,1,54.63
U01339,72,44.86,0,48.31
U01340,110,72.65,1,92.89
U01341,82,116.77,1,123.01
U01342,537,163.33,1,179.14
U01343,551,60.47,1,73.95
U01344,277,21.68,0,36.97
U01345,357,20.16,0,27.41
U01346,73,27.12,0,20.64
U01347,443,65.23,1,84.14
U01348,341,43.63,1,64.28
U01349,604,214.92,1,224.38
U01350,630,13.38,1,21.56
U01351,458,18.98,0,11.61
U01352,643,10.24,0,5.0
U01353,363,13.58,0,9.84
U01354,583,51.27,1,68.53
U01355,414,14.81,0,5.0
U01356,509,76.28,1,84.29
U01357,93,11.34,1,19.13
U01358,563,69.27,1,72.45
U01359,181,18.82,0,7.98
U01360,303,92.42,1,99.99
U01361,86,25.82,1,25.41
U01362,399,27.32,1,50.47
U01363,60,36.51,0,38.88
U01364,382,14.41,0,17.27
U01365,139,36.73,1,54.47
U01366,478,78.52,0,80.34
U01367,393,14.72,1,37.34
U01368,350,17.38,0,23.51
U01369,380,18.42,0,35.24
U01370,258,109.23,1,124.57
U01371,64,58.54,0,61.26
U01372,154,81.44,0,74.28
U01373,193,91.4,0,101.45
U01374,527,24.21,1,36.48
U01375,349,48.07,1,55.28
U01376,229,41.9,1,47.07
U01377,123,25.47,0,30.07
U01378,427,14.27,0,16.95
U01379,204,25.55,1,27.12
U01380,725,35.43,1,44.45
U01381,472,40.83,1,54.43
U01382,589,50.0,1,65.7
U01383,426,39.14,1,52.14
U01384,549,56.1,1,59.83
U01385,620,72.49,1,78.01
U01386,485,45.6,1,56.75
U01387,485,15.91,0,17.59
U01388,349,10.9,0,16.3
U01389,603,41.05,0,42.29
U01390,459,21.3,1,22.57
U01391,146,73.39,0,70.0
U01392,429,11.55,1,20.94
U01393,334,37.68,1,48.61
U01394,293,24.66,1,37.98
U01395,671,17.68,1,18.66
U01396,300,57.81,0,63.77
U01397,365,18.09,1,37.26
U01398,479,15.51,0,11.1
U01399,126,51.28,1,62.71
U01400,238,49.33,0,51.81
U01401,136,50.61,1,60.41
U01402,671,18.1,0,23.5
U01403,78,37.83,0,47.48
U01404,246,84.2,1,104.1
U01405,495,10.19,0,20.85
U01406,282,25.29,1,17.02
U01407,622,19.25,1,42.17
U01408,495,67.44,1,83.07
U01409,504,24.89,1,35.0
U01410,434,30.35,1,42.3
U01411,527,21.26,1,15.26
U01412,690,76.8,1,95.13
U01413,57,49.79,0,56.35
U01414,117,52.51,1,57.35
U01415,292,65.44,0,60.57
U01416,479,36.06,0,20.95
U01417,448,37.7,1,45.75
U01418,696,71.68,1,83.3
U01419,244,93.08,1,102.99
U01420,75,46.53,0,30.78
U01421,251,23.27,0,25.77
U01422,67,13.47,0,5.0
U01423,450,56.37,1,68.11
U01424,312,49.01,1,56.07
U01425,597,24.96,0,19.16
U01426,513,89.71,1,98.6
U01427,485,17.08,0,11.42
U01428,214,62.04,0,66.25
U01429,488,32.65,0,29.03
U01430,39,64.33,0,62.33
U01431,377,46.21,0,46.38
U01432,629,66.77,1,78.92
U01433,647,16.74,0,16.75
U01434,692,27.75,1,46.19
U01435,597,78.59,1,87.83
U01436,588,41.04,0,37.27
U01437,305,41.93,0,29.85
U01438,38,113.48,1,128.74
U01439,614,50.91,1,86.45
U01440,653,108.1,1,115.64
U01441,476,43.59,1,58.08
U01442,466,63.59,1,84.08
U01443,189,27.07,1,29.58
U01444,266,149.05,1,158.66
U01445,421,31.14,1,47.6
U01446,320,60.33,0,45.73
U01447,408,21.66,0,18.88
U01448,686,34.58,1,48.11
U01449,197,30.19,1,49.62
U01450,233,30.14,1,59.29
U01451,392,14.94,1,25.91
U01452,166,26.32,0,25.53
U01453,257,60.76,1,68.81
U01454,487,97.67,1,113.59
U01455,334,52.4,1,77.13
U01456,277,21.95,0,26.64
U01457,151,105.27,1,126.69
U01458,327,52.11,1,65.91
U01459,63,56.47,0,53.96
U01460,73,34.75,0,37.61
U01461,582,87.43,1,89.5
U01462,31,96.9,0,99.01
U01463,111,38.04,0,44.13
U01464,398,40.4,1,53.06
U01465,662,12.48,1,24.22
U01466,673,36.64,1,49.73
U01467,580,76.22,1,90.39
U01468,354,26.96,0,25.72
U01469,161,27.86,0,31.19
U01470,585,12.66,1,25.1
U01471,104,44.17,1,49.2
U01472,189,74.96,1,87.08
U01473,613,16.37,0,22.28
U01474,133,79.08,1,101.13
U01475,431,52.15,1,61.14
U01476,63,70.37,0,62.8
U01477,561,41.27,1,50.38
U01478,310,30.91,1,41.09
U01479,569,57.09,1,74.7
U01480,169,24.24,0,34.04
U01481,676,35.98,1,45.59
U01482,159,65.82,0,65.47
U01483,110,23.89,0,22.2
U01484,687,38.37,0,40.08
U01485,632,61.99,1,77.8
U01486,324,26.84,1,46.14
U01487,233,10.47,0,6.48
U01488,668,81.45,1,88.42
U01489,105,37.6,1,53.45
U01490,555,81.92,1,86.12
U01491,649,17.75,1,33.85
U01492,706,21.77,1,29.44
U01493,599,143.69,1,160.86
U01494,341,152.12,1,158.76
U01495,532,59.62,0,59.49
U01496,233,96.84,1,108.46
U01497,357,28.05,0,25.51
U01498,59,48.42,0,70.59
U01499,200,36.72,1,53.69
U01500,434,27.02,0,35.72
U01501,164,25.54,0,25.84
U01502,485,21.0,1,38.23
U01503,651,26.35,1,36.07
U01504,95,44.18,0,45.83
U01505,85,15.29,0,19.96
U01506,33,49.58,0,51.46
U01507,120,35.82,1,59.71
U01508,499,50.42,0,61.12
U01509,176,14.25,0,21.21
U01510,229,56.82,1,66.49
U01511,437,18.1,0,33.31
U01512,66,97.57,0,99.96
U01513,302,120.05,1,127.65
U01514,52,25.13,0,24.79
U01515,152,75.75,1,84.6
U01516,556,45.18,1,50.11
U01517,276,34.11,0,34.06
U01518,174,11.03,0,8.17
U01519,34,18.4,1,30.18
U01520,591,83.44,1,91.34
U01521,263,51.32,1,64.8
U01522,393,25.31,0,22.36
U01523,622,28.39,0,27.88
U01524,631,27.09,0,36.44
U01525,348,12.79,0,5.0
U01526,76,29.27,0,35.71
U01527,99,26.1,0,15.62
U01528,506,22.94,0,15.89
U01529,127,100.34,1,122.15
U01530,136,66.03,1,77.62
U01531,442,28.92,0,35.95
U01532,92,48.64,0,53.09
U01533,149,81.06,0,83.7
U01534,56,99.97,1,110.36
U01535,703,63.05,1,63.54
U01536,555,222.57,1,237.78
U01537,379,36.56,0,43.3
U01538,40,52.42,0,54.86
U01539,703,70.58,1,74.32
U01540,280,12.15,0,13.23
U01541,260,32.31,0,27.71
U01542,168,18.98,1,30.07
U01543,223,11.16,1,25.86
U01544,298,34.72,0,53.17
U01545,267,16.37,1,33.67
U01546,92,28.87,0,28.38
U01547,360,61.41,0,79.91
U01548,490,34.9,1,37.09
U01549,622,75.09,1,97.34
U01550,638,11.02,0,20.99
U01551,532,40.75,1,62.65
U01552,405,85.92,1,89.31
U01553,115,22.29,1,36.38
U01554,173,51.74,1,70.34
U01555,165,40.1,1,49.41
U01556,35,20.68,0,11.7
U01557,501,57.43,1,79.64
U01558,264,69.96,1,73.82
U01559,48,16.16,0,13.85
U01560,151,33.25,1,33.43
U01561,707,31.61,1,45.26
U01562,87,27.32,1,26.81
U01563,81,21.43,1,26.97
U01564,287,103.39,1,105.08
U01565,646,43.08,0,39.81
U01566,574,34.24,0,40.68
U01567,524,21.77,0,38.96
U01568,300,26.8,0,39.3
U01569,112,68.13,0,56.75
U01570,576,98.53,1,111.33
U01571,70,125.17,1,147.99
U01572,344,22.6,0,23.94
U01573,612,33.44,0,27.53
U01574,418,38.61,0,55.91
U01575,352,25.26,0,24.56
U01576,476,15.22,0,25.53
U01577,620,80.09,1,83.46
U01578,466,24.48,1,25.2
U01579,584,181.41,1,191.03
U01580,135,16.14,0,17.04
U01581,479,28.38,1,34.64
U01582,201,105.49,1,111.16
U01583,158,51.87,1,54.16
U01584,598,33.3,1,46.0
U01585,558,10.12,1,37.43
U01586,442,17.86,0,16.35
U01587,341,80.67,1,100.32
U01588,172,96.55,1,110.99
U01589,171,20.3,0,12.84
U01590,357,28.47,1,47.12
U01591,578,31.73,1,65.98
U01592,403,68.94,0,74.88
U01593,232,21.57,0,30.21
U01594,146,20.08,0,21.65
U01595,213,10.73,0,9.98
U01596,106,20.28,1,35.42
U01597,172,34.75,1,48.12
U01598,121,184.88,1,193.72
U01599,282,92.85,0,87.88
U01600,93,62.43,1,90.61
U01601,506,30.37,1,26.79
U01602,477,19.74,0,25.72
U01603,622,52.82,1,51.44
U01604,115,34.42,0,34.48
U01605,325,95.2,1,100.45
U01606,416,38.07,0,35.7
U01607,263,49.98,0,50.15
U01608,301,27.32,0,19.37
U01609,528,12.91,0,13.83
U01610,545,14.67,0,15.94
U01611,383,40.08,1,53.05
U01612,496,68.45,1,81.76
U01613,620,10.63,1,28.18
U01614,520,12.05,1,22.48
U01615,713,40.42,0,34.77
U01616,77,61.38,1,74.13
U01617,208,83.0,1,104.09
U01618,224,80.07,1,94.31
U01619,140,23.77,0,21.06
U01620,90,22.78,0,34.51
U01621,717,28.72,0,22.83
U01622,52,51.91,0,47.63
U01623,683,54.33,1,67.14
U01624,579,49.66,1,73.39
U01625,33,96.78,1,107.34
U01626,500,10.32,1,29.88
U01627,272,49.74,0,65.33
U01628,180,30.79,0,37.68
U01629,178,12.64,0,20.77
U01630,434,21.81,1,35.89
U01631,722,24.0,1,39.47
U01632,47,28.09,0,37.97
U01633,112,20.46,1,42.67
U01634,587,57.66,0,63.03
U01635,346,51.1,0,51.3
U01636,394,20.57,0,32.29
U01637,476,65.28,1,68.48
U01638,340,42.84,1,51.77
U01639,89,30.53,0,33.91
U01640,593,28.29,0,24.14
U01641,282,82.1,1,93.57
U01642,271,16.27,0,21.75
U01643,118,11.27,0,13.56
U01644,83,13.88,1,9.51
U01645,176,55.77,1,68.53
U01646,403,15.38,0,14.57
U01647,61,109.97,1,125.35
U01648,434,44.58,1,60.74
U01649,106,11.74,0,25.7
U01650,194,39.37,1,46.15
U01651,221,133.85,1,144.32
U01652,177,58.91,0,50.84
U01653,583,20.16,0,16.81
U01654,345,13.13,0,18.03
U01655,567,14.03,1,27.69
U01656,690,32.12,0,31.63
U01657,439,166.08,1,187.28
U01658,306,29.81,0,28.11
U01659,252,27.5,0,33.26
U01660,59,39.78,1,45.03
U01661,529,11.41,0,29.83
U01662,649,16.03,0,8.18
U01663,319,60.14,1,59.27
U01664,44,91.05,0,108.68
U01665,200,58.5,1,74.12
U01666,129,19.99,0,17.14
U01667,65,50.83,1,67.38
U01668,562,103.62,1,119.03
U01669,55,148.3,1,144.48
U01670,309,66.74,0,59.48
U01671,457,99.46,1,120.23
U01672,289,34.18,0,17.34
U01673,238,11.65,0,11.24
U01674,592,86.24,0,91.74
U01675,250,13.81,0,7.47
U01676,48,55.52,0,62.89
U01677,247,95.38,1,107.71
U01678,531,29.38,0,36.28
U01679,311,38.94,0,34.89
U01680,220,101.28,1,107.1
U01681,115,91.27,1,101.89
U01682,39,22.75,0,17.37
U01683,377,21.86,0,32.17
U01684,81,30.28,1,33.43
U01685,455,13.42,0,10.02
U01686,61,83.28,1,99.99
U01687,271,22.08,0,17.98
U01688,418,42.15,1,56.89
U01689,194,66.15,1,88.3
U01690,672,16.69,0,5.0
U01691,83,22.21,0,14.8
U01692,137,32.76,0,31.21
U01693,566,13.92,1,31.85
U01694,637,11.08,1,20.87
U01695,593,23.76,0,26.86
U01696,396,29.97,1,46.71
U01697,308,12.78,0,17.78
U01698,669,12.17,0,5.0
U01699,445,169.64,1,180.94
U01700,141,119.96,1,132.21
U01701,47,76.33,1,85.05
U01702,241,211.38,1,211.27
U01703,669,30.19,1,47.17
U01704,107,13.86,0,5.0
U01705,133,29.71,0,19.46
U01706,473,24.52,0,25.77
U01707,80,53.62,1,52.71
U01708,427,37.31,0,42.75
U01709,652,18.83,1,28.08
U01710,544,45.44,0,39.89
U01711,37,60.05,0,55.88
U01712,491,11.87,1,22.32
U01713,228,152.5,1,154.59
U01714,319,72.28,1,97.23
U01715,247,13.14,0,16.82
U01716,684,14.68,0,5.0
U01717,642,11.47,0,5.0
U01718,727,140.13,1,156.03
U01719,46,51.28,1,69.05
U01720,262,51.25,0,55.12
U01721,496,47.37,0,52.25
U01722,380,44.4,0,36.31
U01723,249,51.13,1,76.34
U01724,197,31.82,0,38.62
U01725,272,11.7,1,20.22
U01726,531,59.16,1,73.41
U01727,36,70.83,1,82.93
U01728,328,53.77,0,59.03
U01729,381,104.42,1,122.22
U01730,179,72.18,0,68.38
U01731,208,58.94,1,69.71
U01732,522,10.22,0,6.83
U01733,62,200.85,1,208.12
U01734,108,38.94,0,30.65
U01735,628,40.52,1,55.53
U01736,420,129.73,1,137.62
U01737,333,29.78,1,46.38
U01738,396,124.41,1,140.8
U01739,316,206.1,1,220.2
U01740,44,27.04,1,46.91
U01741,487,44.72,0,49.74
U01742,377,63.16,1,76.84
U01743,329,54.35,1,53.64
U01744,728,120.52,1,136.6
U01745,190,60.17,0,58.83
U01746,44,22.01,1,19.19
U01747,197,100.56,0,96.43
U01748,507,98.75,1,122.11
U01749,150,103.75,1,105.22
U01750,139,20.41,0,18.07
U01751,218,64.48,0,61.1
U01752,215,66.99,1,71.1
U01753,658,78.89,1,79.58
U01754,328,160.63,1,184.92
U01755,515,23.4,0,32.38
U01756,173,69.02,1,75.04
U01757,547,16.68,0,20.06
U01758,649,107.69,0,101.89
U01759,379,57.88,1,64.86
U01760,397,70.78,1,85.89
U01761,727,16.05,1,21.45
U01762,703,153.82,1,180.96
U01763,691,127.55,1,149.83
U01764,696,55.06,1,77.38
U01765,623,43.28,0,42.19
U01766,149,30.95,0,23.44
U01767,638,136.73,1,143.16
U01768,170,51.81,1,67.79
U01769,307,41.03,0,57.49
U01770,494,17.96,1,32.18
U01771,380,20.69,0,15.15
U01772,696,69.76,1,81.48
U01773,439,82.09,1,95.9
U01774,119,22.91,0,22.85
U01775,77,122.51,1,149.22
U01776,187,40.28,0,39.91
U01777,571,38.81,1,40.62
U01778,509,17.47,0,19.83
U01779,454,88.09,1,109.31
U01780,168,53.98,1,76.29
U01781,318,28.59,0,38.4
U01782,524,49.91,1,62.57
U01783,427,27.63,0,22.38
U01784,386,18.33,0,8.39
U01785,714,98.17,0,106.15
U01786,165,15.65,0,25.96
U01787,547,153.52,1,170.27
U01788,617,16.73,0,22.53
U01789,425,18.91,0,18.61
U01790,344,11.42,0,5.0
U01791,616,40.01,0,50.27
U01792,624,75.27,1,79.67
U01793,469,46.67,0,54.99
U01794,221,19.7,0,13.17
U01795,408,44.08,0,47.93
U01796,384,14.35,1,23.59
U01797,521,223.66,1,233.05
U01798,523,38.95,1,49.57
U01799,598,44.45,1,56.85
U01800,592,26.61,0,26.58
U01801,286,68.41,1,88.97
U01802,44,42.68,1,59.04
U01803,94,69.98,0,64.27
U01804,413,13.46,0,5.0
U01805,130,144.46,1,160.8
U01806,419,34.84,1,41.16
U01807,421,37.15,0,27.27
U01808,302,24.11,0,32.41
U01809,370,58.35,1,53.35
U01810,448,23.91,0,19.52
U01811,69,80.76,1,96.07
U01812,642,27.17,1,54.41
U01813,699,72.79,1,90.2
U01814,436,11.4,0,5.0
U01815,667,11.61,1,25.31
U01816,247,78.23,1,104.65
U01817,376,10.69,0,22.96
U01818,524,57.35,1,67.72
U01819,560,17.44,0,5.0
U01820,667,18.28,1,33.02
U01821,629,91.34,1,99.79
U01822,362,58.62,1,78.33
U01823,146,56.4,1,78.11
U01824,349,11.02,0,5.2
U01825,383,124.07,1,130.51
U01826,43,34.33,0,40.1
U01827,189,39.16,0,42.84
U01828,446,10.44,1,30.37
U01829,396,78.29,1,85.51
U01830,47,58.06,0,55.31
U01831,379,19.59,1,21.3
U01832,118,53.83,1,66.15
U01833,453,98.6,0,92.19
U01834,38,41.3,0,41.57
U01835,429,25.51,1,43.56
U01836,163,30.5,0,22.73
U01837,271,46.74,1,75.78
U01838,230,15.21,0,15.72
U01839,308,25.48,0,35.6
U01840,348,17.28,0,9.82
U01841,72,18.55,1,37.99
U01842,569,21.59,1,41.95
U01843,182,19.1,0,16.87
U01844,229,81.32,1,105.21
U01845,164,88.8,1,107.12
U01846,529,23.77,1,32.97
U01847,282,47.34,0,49.47
U01848,695,13.36,1,25.07
U01849,211,39.07,0,45.9
U01850,474,76.82,1,91.15
U01851,42,73.88,0,80.09
U01852,159,16.12,0,6.13
U01853,429,30.44,1,38.01
U01854,167,75.25,1,80.7
U01855,613,15.07,1,30.67
U01856,83,21.82,1,28.59
U01857,79,95.01,0,88.53
U01858,713,13.88,1,27.24
U01859,268,21.68,0,12.05
U01860,62,25.87,0,35.59
U01861,332,43.75,1,65.03
U01862,421,47.12,1,61.6
U01863,685,99.12,1,117.3
U01864,657,66.96,1,85.02
U01865,68,73.65,0,65.15
U01866,163,70.33,0,72.05
U01867,408,37.67,0,36.03
U01868,234,49.1,1,63.46
U01869,90,31.48,1,37.56
U01870,657,14.76,0,20.7
U01871,58,117.03,1,138.75
U01872,215,33.7,1,50.5
U01873,223,104.95,1,115.84
U01874,687,43.46,0,62.65
U01875,533,20.09,1,34.42
U01876,265,27.72,0,29.58
U01877,508,10.82,1,23.48
U01878,624,31.54,0,30.19
U01879,673,20.8,0,32.57
U01880,341,59.11,1,74.04
U01881,429,92.93,0,99.3
U01882,582,32.86,0,35.76
U01883,675,35.93,0,26.08
U01884,135,16.14,0,17.31
U01885,664,102.06,1,119.33
U01886,719,17.17,0,11.02
U01887,434,47.48,1,34.33
U01888,34,105.2,1,112.88
U01889,166,23.49,0,38.09
U01890,611,142.29,1,159.3
U01891,223,21.24,1,42.14
U01892,418,120.05,1,122.11
U01893,325,30.33,0,30.77
U01894,215,157.99,1,173.5
U01895,526,28.25,1,37.51
U01896,213,34.57,0,32.95
U01897,538,24.97,1,35.68
U01898,171,48.67,1,65.94
U01899,729,15.33,1,28.99
U01900,323,44.24,0,53.28
U01901,200,44.38,0,46.11
U01902,508,15.6,0,11.23
U01903,374,154.09,1,161.75
U01904,417,18.03,0,28.9
U01905,311,21.38,1,24.94
U01906,175,58.86,1,77.4
U01907,669,34.11,1,44.28
U01908,601,11.5,1,12.85
U01909,667,22.07,0,28.33
U01910,205,54.39,0,54.28
U01911,449,23.52,1,27.1
U01912,613,14.59,0,13.44
U01913,250,15.72,1,34.27
U01914,30,13.29,1,26.61
U01915,694,29.98,1,25.16
U01916,639,63.51,1,81.5
U01917,200,120.54,1,136.41
U01918,202,51.44,0,53.39
U01919,148,121.98,1,131.73
U01920,460,48.84,0,50.71
U01921,61,53.27,1,56.45
U01922,680,22.14,1,47.34
U01923,133,19.04,1,34.96
U01924,263,106.42,0,105.53
U01925,296,34.5,0,31.95
U01926,229,91.24,1,101.95
U01927,101,15.32,0,15.99
U01928,73,30.18,0,31.2
U01929,650,72.87,1,79.08
U01930,150,12.2,0,28.27
U01931,193,171.11,1,172.28
U01932,610,14.94,0,14.13
U01933,173,51.32,0,55.53
U01934,436,67.85,0,77.61
U01935,271,50.73,1,63.12
U01936,437,50.46,1,77.99
U01937,665,28.22,0,28.76
U01938,206,55.63,1,62.79
U01939,264,31.56,0,33.2
U01940,567,14.66,0,13.32
U01941,120,45.73,0,51.89
U01942,380,245.77,1,262.74
U01943,407,31.68,1,27.45
U01944,137,33.23,0,31.35
U01945,598,21.25,1,32.33
U01946,70,163.6,1,186.68
U01947,357,134.01,1,135.16
U01948,607,62.11,0,54.22
U01949,106,57.52,0,64.32
U01950,206,16.43,1,18.47
U01951,64,37.89,1,53.41
U01952,344,73.77,0,56.78
U01953,650,27.86,1,43.72
U01954,176,107.91,1,128.22
U01955,67,69.57,0,67.89
U01956,459,145.08,1,157.93
U01957,314,87.84,1,109.72
U01958,487,49.66,1,47.93
U01959,405,97.86,1,115.38
U01960,513,26.16,0,32.02
U01961,707,29.62,0,17.03
U01962,158,70.68,0,64.74
U01963,698,32.01,0,28.18
U01964,378,16.31,1,19.69
U01965,235,116.34,1,119.26
U01966,445,146.08,1,145.82
U01967,463,94.4,0,98.33
U01968,247,148.88,1,170.83
U01969,710,13.34,1,10.69
U01970,720,25.62,0,17.69
U01971,521,61.57,1,76.06
U01972,110,49.55,0,58.93
U01973,298,10.95,1,17.31
U01974,412,133.6,1,152.61
U01975,279,18.45,0,10.06
U01976,405,19.26,0,21.42
U01977,558,56.26,0,55.08
U01978,178,48.37,0,35.83
U01979,187,34.15,1,60.08
U01980,255,40.73,1,48.67
U01981,108,14.5,0,5.0
U01982,661,31.42,0,31.33
U01983,53,50.17,0,56.42
U01984,715,20.38,0,25.24
U01985,382,83.29,1,95.72
U01986,69,59.08,1,71.5
U01987,621,19.05,1,26.28
U01988,30,38.94,0,37.81
U01989,172,82.33,1,95.52
U01990,441,32.58,0,34.75
U01991,48,44.62,0,40.54
U01992,443,21.87,1,19.47
U01993,269,45.64,1,51.04
U01994,73,23.23,0,31.0
U01995,411,34.32,0,36.33
U01996,176,26.98,0,29.56
U01997,391,79.37,1,99.99
U01998,469,66.15,1,82.02
U01999,240,18.81,0,12.19
