CustomerID,Recency,Frequency,Monetary
C00000,67,4,213.73
C00001,40,4,98.57
C00002,105,3,75.21
C00003,2,5,187.55
C00004,99,4,131.73
C00005,50,4,57.31
C00006,21,8,291.14
C00007,3,6,294.64
C00008,280,6,169.09
C00009,1,7,340.63
C00010,88,3,78.92
C00011,82,6,159.85
C00012,28,4,88.26
C00013,41,4,166.24
C00014,159,4,195.27
C00015,30,4,157.95
C00016,219,3,115.09
C00017,45,5,263.32
C00018,6,5,162.94
C00019,101,5,267.57
C00020,14,5,230.45
C00021,48,5,73.43
C00022,21,7,357.59
C00023,102,7,238.84
C00024,106,3,30.0
C00025,15,3,126.18
C00026,62,3,106.23
C00027,6,3,150.99
C00028,32,8,250.9
C00029,6,5,50.0
C00030,9,5,113.73
C00031,14,3,142.88
C00032,39,5,238.15
C00033,5,5,216.87
C00034,16,6,274.55
C00035,1,4,157.9
C00036,137,5,107.77
C00037,48,4,63.79
C00038,11,4,101.82
C00039,159,4,156.53
C00040,47,1,21.41
C00041,3,4,188.69
C00042,45,4,209.79
C00043,61,4,148.55
C00044,97,5,222.18
C00045,108,5,277.96
C00046,17,1,51.48
C00047,207,10,419.25
C00048,38,5,234.06
C00049,18,3,92.58
C00050,48,5,152.88
C00051,28,4,128.4
C00052,14,5,132.08
C00053,148,3,100.0
C00054,168,5,222.29
C00055,109,4,139.86
C00056,34,4,100.21
C00057,76,5,221.88
C00058,114,4,183.32
C00059,5,6,82.45
C00060,32,3,121.18
C00061,62,9,425.38
C00062,225,5,71.62
C00063,73,6,259.54
C00064,61,3,122.53
C00065,14,4,149.67
C00066,21,6,190.87
C00067,10,7,80.96
C00068,22,6,316.3
C00069,76,5,268.0
C00070,190,4,107.48
C00071,1,5,74.12
C00072,22,5,245.95
C00073,3,7,234.04
C00074,125,6,176.97
C00075,71,3,136.2
C00076,105,8,219.85
C00077,150,3,47.72
C00078,10,4,110.71
C00079,38,3,46.46
C00080,47,2,84.61
C00081,44,6,180.33
C00082,76,6,269.22
C00083,104,6,224.31
C00084,16,4,154.22
C00085,7,1,60.23
C00086,57,7,283.68
C00087,17,7,308.05
C00088,105,7,201.6
C00089,38,3,77.39
C00090,70,5,110.04
C00091,26,5,212.29
C00092,7,4,83.8
C00093,21,8,226.97
C00094,11,6,235.35
C00095,16,7,205.6
C00096,47,5,153.76
C00097,26,6,385.29
C00098,82,2,48.62
C00099,63,4,103.78
C00100,88,7,242.9
C00101,94,2,83.77
C00102,45,5,89.37
C00103,18,6,205.58
C00104,322,4,108.66
C00105,7,7,276.23
C00106,32,7,226.01
C00107,10,4,137.86
C00108,42,8,271.58
C00109,99,4,208.1
C00110,39,8,407.36
C00111,34,6,222.12
C00112,24,9,364.92
C00113,5,8,245.81
C00114,77,9,430.96
C00115,84,6,184.72
C00116,57,5,145.13
C00117,139,7,230.78
C00118,9,4,198.92
C00119,13,5,201.45
C00120,113,5,158.37
C00121,65,4,127.34
C00122,44,7,216.48
C00123,89,4,114.44
C00124,90,7,245.43
C00125,49,4,185.05
C00126,70,6,167.76
C00127,17,3,95.5
C00128,73,4,161.62
C00129,31,4,90.93
C00130,58,4,54.77
C00131,55,4,145.67
C00132,57,6,181.79
C00133,73,6,285.24
C00134,5,5,188.81
C00135,14,3,144.41
C00136,21,6,203.47
C00137,203,7,302.51
C00138,64,3,63.04
C00139,11,6,288.08
C00140,69,6,303.89
C00141,110,7,214.93
C00142,138,4,80.4
C00143,14,7,217.55
C00144,177,6,305.65
C00145,16,3,51.58
C00146,10,5,190.05
C00147,60,4,114.25
C00148,2,4,173.58
C00149,95,5,221.95
C00150,9,3,93.73
C00151,5,10,512.88
C00152,103,6,262.92
C00153,198,6,222.81
C00154,86,5,191.26
C00155,103,8,120.64
C00156,166,4,171.19
C00157,32,2,152.94
C00158,23,7,330.98
C00159,74,2,51.92
C00160,59,5,137.66
C00161,69,6,353.84
C00162,75,5,213.9
C00163,75,6,252.88
C00164,15,4,105.92
C00165,5,6,255.3
C00166,42,4,180.75
C00167,169,7,104.42
C00168,80,4,80.53
C00169,11,4,172.9
C00170,4,5,180.15
C00171,52,4,113.5
C00172,53,2,71.18
C00173,67,6,199.32
C00174,17,2,65.49
C00175,36,6,249.29
C00176,72,6,242.77
C00177,10,5,88.52
C00178,12,5,96.92
C00179,35,6,167.66
C00180,17,4,75.55
C00181,151,4,112.46
C00182,13,5,262.02
C00183,31,3,101.97
C00184,102,6,215.84
C00185,2,6,342.95
C00186,66,6,279.06
C00187,1,3,70.2
C00188,158,3,83.32
C00189,7,3,70.56
C00190,10,4,82.86
C00191,56,3,150.06
C00192,113,5,77.51
C00193,34,6,201.51
C00194,38,7,263.57
C00195,109,5,231.56
C00196,43,6,161.99
C00197,37,4,163.36
C00198,21,8,232.33
C00199,27,10,488.31
C00200,24,6,330.49
C00201,50,2,36.18
C00202,91,2,33.94
C00203,77,8,330.37
C00204,68,3,72.0
C00205,158,8,440.84
C00206,121,1,44.66
C00207,155,4,140.47
C00208,3,8,174.09
C00209,30,4,63.18
C00210,53,6,333.66
C00211,37,5,200.42
C00212,68,5,267.45
C00213,263,5,50.0
C00214,10,3,85.58
C00215,24,7,241.36
C00216,184,4,154.01
C00217,33,9,342.61
C00218,32,5,134.06
C00219,123,3,74.72
C00220,3,4,135.95
C00221,8,5,284.51
C00222,8,5,191.75
C00223,273,6,262.63
C00224,6,6,235.99
C00225,31,4,84.12
C00226,133,3,89.96
C00227,29,8,358.84
C00228,1,3,140.33
C00229,33,4,137.23
C00230,5,9,356.37
C00231,54,6,170.98
C00232,38,4,141.14
C00233,26,6,246.79
C00234,114,3,67.68
C00235,145,9,348.8
C00236,41,9,161.68
C00237,36,4,168.63
C00238,150,3,85.95
C00239,126,4,110.26
C00240,113,4,113.78
C00241,62,7,243.42
C00242,46,8,249.89
C00243,201,7,221.79
C00244,21,1,40.47
C00245,22,3,167.85
C00246,6,3,97.54
C00247,31,4,160.19
C00248,44,5,102.07
C00249,7,6,291.34
C00250,24,4,190.22
C00251,33,3,98.22
C00252,273,3,99.13
C00253,227,7,271.56
C00254,7,2,60.77
C00255,32,5,140.41
C00256,92,7,193.33
C00257,57,4,146.3
C00258,73,5,214.35
C00259,117,4,95.66
C00260,26,3,134.96
C00261,72,4,179.51
C00262,61,7,181.83
C00263,4,4,144.3
C00264,66,7,309.82
C00265,3,6,248.04
C00266,16,7,135.62
C00267,7,7,272.5
C00268,16,5,149.31
C00269,181,2,95.62
C00270,118,5,198.97
C00271,21,6,227.6
C00272,184,2,44.58
C00273,8,5,199.91
C00274,12,5,124.27
C00275,36,7,201.68
C00276,3,7,145.18
C00277,32,6,271.99
C00278,51,7,151.95
C00279,90,8,365.13
C00280,87,5,203.62
C00281,365,4,155.15
C00282,45,5,110.84
C00283,107,10,410.2
C00284,77,4,148.22
C00285,88,2,57.26
C00286,21,5,227.27
C00287,50,7,239.98
C00288,99,2,69.63
C00289,47,6,245.76
C00290,116,8,239.07
C00291,42,5,197.89
C00292,17,3,163.81
C00293,7,8,395.24
C00294,18,4,109.0
C00295,58,4,99.02
C00296,37,2,67.34
C00297,81,5,294.32
C00298,28,6,369.39
C00299,88,4,194.85
C00300,23,3,191.88
C00301,225,4,109.96
C00302,21,7,337.31
C00303,120,3,117.24
C00304,34,6,283.96
C00305,17,2,65.54
C00306,190,4,160.37
C00307,30,8,291.39
C00308,76,6,163.26
C00309,11,4,144.32
C00310,200,6,217.42
C00311,9,5,122.61
C00312,125,10,426.67
C00313,1,5,145.18
C00314,23,1,45.35
C00315,39,5,159.22
C00316,76,5,119.58
C00317,72,4,215.17
C00318,19,4,77.78
C00319,5,7,265.66
C00320,6,3,103.74
C00321,1,3,99.61
C00322,87,4,123.67
C00323,9,2,112.68
C00324,101,6,225.11
C00325,19,5,126.37
C00326,12,5,211.2
C00327,37,5,123.07
C00328,80,3,122.11
C00329,113,4,130.66
C00330,44,7,231.2
C00331,21,4,178.63
C00332,33,4,140.51
C00333,186,5,228.4
C00334,97,4,144.86
C00335,29,6,167.36
C00336,71,10,263.25
C00337,33,6,162.78
C00338,91,5,51.65
C00339,20,4,60.94
C00340,32,6,85.29
C00341,58,5,224.5
C00342,10,6,163.43
C00343,78,2,65.33
C00344,66,3,134.16
C00345,257,6,193.79
C00346,77,3,121.88
C00347,59,6,325.25
C00348,53,4,140.2
C00349,63,6,181.33
C00350,191,5,172.24
C00351,7,3,142.41
C00352,131,10,288.51
C00353,23,3,69.84
C00354,1,7,289.35
C00355,16,8,208.28
C00356,45,4,141.24
C00357,48,6,356.87
C00358,48,7,291.64
C00359,54,4,62.88
C00360,2,4,163.92
C00361,365,6,185.6
C00362,33,7,229.22
C00363,10,7,340.21
C00364,15,8,364.94
C00365,77,7,297.72
C00366,24,6,143.76
C00367,50,8,332.36
C00368,183,5,121.78
C00369,38,5,171.36
C00370,49,5,171.73
C00371,22,7,362.67
C00372,78,7,316.55
C00373,77,5,121.26
C00374,30,5,82.62
C00375,28,6,174.89
C00376,67,7,277.12
C00377,67,4,203.96
C00378,113,7,280.63
C00379,210,3,92.05
C00380,21,8,256.88
C00381,25,3,79.27
C00382,27,6,353.32
C00383,51,6,255.83
C00384,20,3,135.35
C00385,54,6,217.19
C00386,45,7,284.75
C00387,13,4,143.44
C00388,90,3,149.1
C00389,87,4,65.03
C00390,6,4,98.33
C00391,54,6,294.28
C00392,61,6,219.05
C00393,6,9,459.1
C00394,15,9,117.4
C00395,79,5,112.97
C00396,16,5,117.23
C00397,13,7,263.22
C00398,6,4,161.62
C00399,45,10,372.23
C00400,307,7,209.27
C00401,39,1,50.72
C00402,95,2,90.32
C00403,107,9,297.08
C00404,44,7,70.0
C00405,11,5,179.55
C00406,10,3,94.88
C00407,79,4,75.59
C00408,92,7,230.94
C00409,33,5,129.85
C00410,47,2,109.38
C00411,37,1,26.34
C00412,33,9,447.82
C00413,105,7,304.87
C00414,30,3,110.58
C00415,68,8,306.56
C00416,4,6,316.76
C00417,8,3,133.26
C00418,16,3,126.73
C00419,55,6,417.86
C00420,32,5,214.89
C00421,77,8,364.02
C00422,16,5,121.06
C00423,209,5,95.5
C00424,55,2,71.48
C00425,135,5,128.1
C00426,8,2,69.73
C00427,17,6,133.44
C00428,39,3,93.64
C00429,53,10,148.03
C00430,65,2,65.92
C00431,1,5,167.61
C00432,104,6,321.93
C00433,84,3,125.01
C00434,244,7,353.02
C00435,18,5,150.38
C00436,68,3,151.83
C00437,70,5,229.99
C00438,42,4,75.83
C00439,8,6,130.57
C00440,18,7,220.01
C00441,365,3,95.63
C00442,176,8,413.7
C00443,82,5,180.88
C00444,69,5,167.51
C00445,132,7,401.1
C00446,18,4,140.8
C00447,9,7,347.94
C00448,9,7,355.02
C00449,40,4,107.56
C00450,187,6,202.3
C00451,40,4,163.56
C00452,95,7,112.58
C00453,101,3,122.39
C00454,22,10,491.55
C00455,30,1,38.35
C00456,8,7,279.18
C00457,71,5,150.85
C00458,230,6,263.93
C00459,21,5,204.14
C00460,82,7,324.56
C00461,50,9,280.33
C00462,10,4,144.01
C00463,111,8,160.49
C00464,15,4,218.65
C00465,20,6,60.0
C00466,34,4,169.94
C00467,46,2,69.32
C00468,111,3,114.14
C00469,36,7,200.23
C00470,39,10,270.24
C00471,7,5,81.26
C00472,145,4,121.67
C00473,22,7,179.81
C00474,33,4,159.6
C00475,88,8,216.93
C00476,22,7,290.81
C00477,14,4,58.89
C00478,48,3,90.75
C00479,48,11,469.84
C00480,7,1,36.96
C00481,120,4,71.45
C00482,6,7,204.62
C00483,162,4,132.47
C00484,172,2,103.82
C00485,147,3,122.26
C00486,117,5,183.18
C00487,82,7,116.98
C00488,96,5,171.49
C00489,23,4,123.55
C00490,7,3,139.21
C00491,29,6,171.37
C00492,9,7,282.84
C00493,101,7,226.12
C00494,3,6,310.37
C00495,358,3,74.16
C00496,35,7,247.41
C00497,279,11,371.45
C00498,66,6,341.4
C00499,183,3,98.23
C00500,50,5,103.53
C00501,66,3,74.38
C00502,131,6,208.2
C00503,18,5,178.95
C00504,11,7,303.9
C00505,161,7,128.8
C00506,41,4,98.7
C00507,2,4,125.17
C00508,20,9,422.07
C00509,21,3,66.29
C00510,8,4,123.23
C00511,172,5,220.4
C00512,13,3,110.49
C00513,46,10,429.48
C00514,3,3,156.91
C00515,67,5,202.57
C00516,167,6,60.0
C00517,46,7,164.23
C00518,61,9,324.57
C00519,111,3,49.63
C00520,77,6,138.33
C00521,13,7,237.65
C00522,2,3,135.3
C00523,232,5,135.95
C00524,49,3,150.38
C00525,90,7,306.98
C00526,33,5,178.24
C00527,29,1,42.17
C00528,12,6,185.4
C00529,116,4,127.88
C00530,106,3,124.1
C00531,7,6,239.54
C00532,39,7,269.24
C00533,59,8,453.83
C00534,154,7,250.87
C00535,24,7,244.78
C00536,46,5,169.17
C00537,31,6,146.44
C00538,14,3,80.46
C00539,36,10,461.85
C00540,4,4,193.97
C00541,129,4,130.84
C00542,103,2,31.19
C00543,29,7,218.34
C00544,33,4,129.29
C00545,43,5,196.6
C00546,92,7,396.62
C00547,256,7,433.03
C00548,11,4,172.96
C00549,125,1,30.68
C00550,16,6,94.17
C00551,129,5,174.9
C00552,12,7,196.34
C00553,49,4,196.97
C00554,75,5,156.32
C00555,76,3,83.96
C00556,48,5,158.81
C00557,319,6,68.45
C00558,61,5,211.99
C00559,101,3,81.45
C00560,15,7,216.98
C00561,6,5,201.42
C00562,71,6,172.5
C00563,48,5,94.85
C00564,13,5,152.48
C00565,11,5,175.98
C00566,162,5,174.32
C00567,2,9,353.04
C00568,27,4,70.35
C00569,1,6,261.49
C00570,20,7,267.47
C00571,108,8,252.54
C00572,19,7,133.0
C00573,21,4,236.53
C00574,28,4,151.61
C00575,75,4,144.74
C00576,15,6,196.42
C00577,37,4,141.54
C00578,2,4,136.02
C00579,32,2,93.1
C00580,4,4,108.69
C00581,23,6,195.53
C00582,6,6,376.68
C00583,219,6,64.23
C00584,1,3,126.42
C00585,56,6,211.51
C00586,5,4,115.15
C00587,28,6,253.39
C00588,94,5,279.32
C00589,19,8,411.47
C00590,113,3,84.55
C00591,37,5,151.82
C00592,10,7,283.27
C00593,16,3,161.69
C00594,36,4,153.62
C00595,123,8,357.48
C00596,9,8,222.15
C00597,13,7,237.3
C00598,43,5,210.44
C00599,98,2,60.51
C00600,92,6,155.4
C00601,66,2,63.58
C00602,11,6,182.8
C00603,61,7,171.02
C00604,97,7,209.57
C00605,53,8,213.66
C00606,56,4,186.25
C00607,134,6,212.18
C00608,3,9,454.23
C00609,7,6,126.69
C00610,107,8,465.33
C00611,23,4,160.84
C00612,52,4,81.49
C00613,27,1,37.86
C00614,26,6,160.92
C00615,78,4,141.73
C00616,19,5,111.29
C00617,43,9,556.92
C00618,98,2,55.21
C00619,239,4,198.01
C00620,3,6,262.28
C00621,37,5,122.38
C00622,50,6,209.79
C00623,12,9,372.13
C00624,55,4,208.32
C00625,67,3,134.47
C00626,121,2,26.47
C00627,130,4,139.29
C00628,88,5,131.8
C00629,33,4,150.57
C00630,59,6,67.23
C00631,49,8,362.98
C00632,2,8,383.39
C00633,7,6,132.8
C00634,124,2,42.11
C00635,30,8,96.81
C00636,35,6,200.84
C00637,49,10,100.0
C00638,16,6,272.2
C00639,70,3,41.12
C00640,50,3,96.28
C00641,3,4,77.87
C00642,77,4,72.78
C00643,47,4,85.74
C00644,46,7,314.31
C00645,301,8,110.84
C00646,14,5,219.91
C00647,23,2,92.37
C00648,68,4,117.07
C00649,18,2,73.63
C00650,201,4,140.64
C00651,102,1,41.6
C00652,21,3,101.82
C00653,189,7,302.34
C00654,70,6,199.36
C00655,31,2,108.71
C00656,198,3,142.56
C00657,18,6,60.0
C00658,87,6,274.18
C00659,60,5,187.3
C00660,90,4,112.23
C00661,38,4,96.49
C00662,44,6,88.09
C00663,1,1,42.96
C00664,87,7,248.05
C00665,5,5,313.46
C00666,28,7,283.36
C00667,27,2,47.35
C00668,148,8,320.06
C00669,13,6,312.96
C00670,151,6,168.3
C00671,7,8,276.64
C00672,83,3,110.54
C00673,9,7,334.47
C00674,124,4,207.27
C00675,69,7,286.37
C00676,191,5,287.53
C00677,4,6,239.99
C00678,17,6,153.34
C00679,47,6,218.69
C00680,15,4,167.24
C00681,10,4,44.04
C00682,112,4,184.82
C00683,72,5,162.55
C00684,19,2,61.27
C00685,30,6,242.33
C00686,91,6,306.0
C00687,54,6,106.89
C00688,34,7,283.1
C00689,94,9,358.4
C00690,4,6,151.06
C00691,27,5,145.36
C00692,37,4,98.52
C00693,108,6,134.23
C00694,44,7,270.55
C00695,169,6,139.23
C00696,5,4,168.01
C00697,365,6,223.89
C00698,275,2,100.89
C00699,99,1,12.14
C00700,125,6,254.02
C00701,121,3,30.0
C00702,10,8,381.21
C00703,159,7,351.43
C00704,68,5,260.42
C00705,55,5,190.79
C00706,270,5,135.87
C00707,18,4,110.59
C00708,298,5,183.04
C00709,331,4,139.17
C00710,151,8,222.06
C00711,17,2,65.32
C00712,1,6,267.99
C00713,33,10,422.1
C00714,147,3,82.13
C00715,94,4,157.36
C00716,16,6,173.96
C00717,26,5,82.44
C00718,42,1,14.05
C00719,30,5,133.05
C00720,150,6,294.27
C00721,33,3,115.93
C00722,20,3,86.18
C00723,37,5,97.38
C00724,56,3,70.15
C00725,45,3,180.34
C00726,119,5,169.11
C00727,22,6,140.54
C00728,208,2,77.21
C00729,88,4,164.61
C00730,22,7,110.54
C00731,72,3,62.2
C00732,360,5,181.67
C00733,162,5,169.56
C00734,68,5,103.46
C00735,12,5,222.81
C00736,18,3,41.46
C00737,29,7,284.34
C00738,61,6,255.84
C00739,44,4,111.54
C00740,30,5,203.26
C00741,22,5,149.63
C00742,10,4,179.84
C00743,82,4,157.31
C00744,18,4,228.59
C00745,6,6,86.79
C00746,17,2,60.63
C00747,7,5,173.64
C00748,97,3,138.56
C00749,17,4,69.91
C00750,9,5,158.75
C00751,20,3,30.0
C00752,157,4,70.78
C00753,57,9,438.67
C00754,103,2,42.0
C00755,146,3,89.48
C00756,129,5,200.05
C00757,85,6,112.03
C00758,31,3,126.84
C00759,49,6,304.06
C00760,24,5,184.9
C00761,21,4,189.64
C00762,45,4,170.54
C00763,11,7,342.51
C00764,118,5,267.51
C00765,43,6,290.76
C00766,136,7,238.05
C00767,7,11,252.87
C00768,11,6,60.0
C00769,36,3,76.04
C00770,59,4,147.01
C00771,63,7,176.74
C00772,143,7,89.42
C00773,104,2,73.85
C00774,73,7,177.33
C00775,46,4,166.95
C00776,40,6,252.91
C00777,48,2,89.61
C00778,100,5,114.06
C00779,21,6,145.15
C00780,129,6,210.85
C00781,28,2,22.69
C00782,21,4,139.54
C00783,109,4,212.63
C00784,69,1,43.09
C00785,82,6,226.02
C00786,109,7,238.28
C00787,34,5,130.91
C00788,43,5,367.33
C00789,46,4,150.04
C00790,35,3,105.52
C00791,13,2,75.16
C00792,9,7,253.71
C00793,21,6,225.67
C00794,280,5,150.04
C00795,4,8,235.41
C00796,65,6,250.93
C00797,48,7,299.64
C00798,8,4,128.05
C00799,55,3,130.67
C00800,14,5,181.94
C00801,62,4,147.42
C00802,81,6,212.53
C00803,168,3,71.43
C00804,56,6,129.96
C00805,128,9,218.37
C00806,10,6,125.2
C00807,121,4,40.0
C00808,11,6,204.71
C00809,19,2,65.0
C00810,99,6,130.13
C00811,57,5,191.67
C00812,46,3,77.52
C00813,98,8,245.69
C00814,19,8,425.7
C00815,157,2,92.4
C00816,19,6,230.31
C00817,16,5,200.64
C00818,28,4,169.86
C00819,82,4,164.47
C00820,32,5,116.59
C00821,80,5,155.24
C00822,132,7,70.0
C00823,310,3,108.02
C00824,119,3,137.9
C00825,115,4,183.81
C00826,33,5,111.93
C00827,20,5,145.83
C00828,122,6,187.88
C00829,238,2,35.76
C00830,20,9,337.16
C00831,160,2,33.76
C00832,61,6,329.63
C00833,46,3,130.85
C00834,40,4,252.45
C00835,265,4,172.18
C00836,22,4,48.77
C00837,5,3,140.5
C00838,56,5,120.4
C00839,63,3,135.48
C00840,46,5,135.53
C00841,82,4,144.14
C00842,3,5,168.15
C00843,163,6,197.73
C00844,49,4,154.97
C00845,3,4,156.66
C00846,297,3,121.61
C00847,2,6,206.79
C00848,94,9,313.59
C00849,36,3,126.95
C00850,24,4,187.85
C00851,51,5,156.29
C00852,33,7,216.98
C00853,10,6,164.39
C00854,33,4,176.74
C00855,72,6,195.08
C00856,165,5,184.6
C00857,70,5,195.35
C00858,102,4,156.12
C00859,90,4,235.04
C00860,1,4,138.52
C00861,226,5,271.08
C00862,102,4,40.0
C00863,23,7,283.86
C00864,97,5,214.62
C00865,21,3,143.47
C00866,9,6,137.56
C00867,15,8,446.93
C00868,5,5,217.19
C00869,38,2,50.43
C00870,65,3,32.74
C00871,46,1,17.77
C00872,44,5,249.27
C00873,27,3,112.77
C00874,44,3,141.13
C00875,29,5,97.64
C00876,36,3,154.75
C00877,27,7,325.2
C00878,180,4,176.81
C00879,110,3,119.12
C00880,13,9,354.06
C00881,46,3,122.89
C00882,170,3,161.94
C00883,53,3,77.54
C00884,18,6,211.33
C00885,62,4,254.37
C00886,19,4,202.8
C00887,107,3,75.56
C00888,99,3,90.0
C00889,63,5,264.91
C00890,91,6,165.2
C00891,11,8,199.73
C00892,16,7,231.31
C00893,24,5,191.21
C00894,6,7,206.9
C00895,102,6,190.94
C00896,58,8,289.26
C00897,1,5,159.69
C00898,24,8,414.17
C00899,62,4,125.68
C00900,68,2,91.99
C00901,74,5,235.89
C00902,151,2,43.02
C00903,8,6,187.52
C00904,29,1,43.09
C00905,14,4,190.97
C00906,105,3,182.44
C00907,2,7,326.36
C00908,11,6,276.82
C00909,40,4,70.02
C00910,2,3,142.85
C00911,42,7,233.22
C00912,256,4,91.01
C00913,157,4,138.31
C00914,13,6,149.55
C00915,34,3,152.84
C00916,33,6,171.36
C00917,9,3,64.13
C00918,120,8,276.29
C00919,70,8,260.69
C00920,171,2,84.48
C00921,101,2,47.38
C00922,38,7,326.48
C00923,23,9,387.35
C00924,44,4,138.52
C00925,66,5,219.6
C00926,29,4,168.72
C00927,19,7,345.44
C00928,129,5,241.82
C00929,58,7,393.13
C00930,59,7,254.02
C00931,52,3,111.03
C00932,118,5,185.79
C00933,73,3,80.62
C00934,50,4,138.82
C00935,48,6,60.0
C00936,284,4,103.53
C00937,38,5,91.96
C00938,46,4,93.56
C00939,75,3,107.82
C00940,365,5,177.52
C00941,47,5,123.16
C00942,83,2,90.44
C00943,12,7,153.18
C00944,114,5,353.54
C00945,28,3,81.25
C00946,65,8,341.86
C00947,37,3,181.41
C00948,82,6,164.99
C00949,4,7,186.74
C00950,14,4,40.0
C00951,50,6,288.0
C00952,92,6,407.58
C00953,66,6,216.38
C00954,41,5,194.35
C00955,32,7,211.92
C00956,10,4,98.11
C00957,111,7,243.3
C00958,8,3,66.38
C00959,173,6,255.14
C00960,22,5,161.45
C00961,127,2,104.73
C00962,43,8,295.91
C00963,1,7,283.03
C00964,59,2,36.06
C00965,1,3,141.2
C00966,13,6,109.16
C00967,73,4,181.68
C00968,1,2,86.73
C00969,123,4,115.16
C00970,15,7,259.41
C00971,78,6,156.51
C00972,27,7,356.05
C00973,130,7,353.82
C00974,46,9,470.57
C00975,21,4,170.97
C00976,123,2,57.54
C00977,23,2,20.0
C00978,9,6,191.6
C00979,118,3,76.64
C00980,95,6,69.17
C00981,67,5,222.18
C00982,100,5,187.96
C00983,68,5,133.26
C00984,138,8,209.1
C00985,9,6,226.25
C00986,73,4,140.18
C00987,70,11,464.35
C00988,69,6,223.48
C00989,16,4,62.28
C00990,36,5,201.8
C00991,70,6,167.81
C00992,77,9,255.66
C00993,53,3,126.4
C00994,11,6,194.09
C00995,249,3,107.94
C00996,17,6,212.31
C00997,94,4,185.21
C00998,97,6,249.9
C00999,37,4,170.38
C01000,82,2,53.37
C01001,19,3,139.9
C01002,66,3,134.22
C01003,97,2,79.46
C01004,64,5,105.45
C01005,140,4,98.82
C01006,13,6,129.64
C01007,177,7,334.22
C01008,73,3,126.64
C01009,161,6,231.48
C01010,14,6,137.41
C01011,46,8,487.59
C01012,4,4,158.46
C01013,15,3,74.68
C01014,144,5,170.42
C01015,51,6,240.2
C01016,1,6,139.01
C01017,38,2,27.05
C01018,16,5,135.79
C01019,60,7,182.95
C01020,43,6,235.9
C01021,26,1,28.18
C01022,18,7,305.11
C01023,28,9,348.47
C01024,13,4,186.87
C01025,9,5,181.42
C01026,47,6,252.99
C01027,114,4,180.87
C01028,9,7,349.91
C01029,2,4,167.74
C01030,84,6,257.82
C01031,82,5,181.9
C01032,121,6,353.92
C01033,90,6,337.27
C01034,2,3,91.92
C01035,16,6,215.41
C01036,18,4,109.73
C01037,6,4,139.88
C01038,97,3,109.6
C01039,123,3,83.17
C01040,42,8,259.16
C01041,46,4,181.78
C01042,14,7,210.77
C01043,24,4,281.36
C01044,59,2,62.88
C01045,28,3,100.71
C01046,79,5,165.23
C01047,17,4,165.53
C01048,17,8,418.09
C01049,85,4,116.23
C01050,89,5,191.02
C01051,2,3,106.98
C01052,110,8,223.18
C01053,62,5,181.97
C01054,50,4,108.81
C01055,22,2,50.4
C01056,5,7,348.59
C01057,3,3,30.0
C01058,38,5,138.22
C01059,110,5,90.34
C01060,14,3,82.69
C01061,11,5,161.43
C01062,38,5,217.99
C01063,32,6,169.4
C01064,121,3,95.27
C01065,5,2,48.73
C01066,14,3,139.87
C01067,54,6,81.55
C01068,17,6,217.91
C01069,223,8,457.0
C01070,140,4,278.65
C01071,38,4,116.54
C01072,137,6,234.51
C01073,33,2,24.11
C01074,32,5,198.46
C01075,11,4,183.65
C01076,28,3,85.54
C01077,75,4,69.14
C01078,1,8,259.44
C01079,118,4,161.78
C01080,43,3,78.28
C01081,42,5,160.31
C01082,54,5,133.85
C01083,165,7,357.61
C01084,32,6,269.06
C01085,17,4,244.64
C01086,12,5,134.96
C01087,30,7,152.18
C01088,71,5,223.46
C01089,10,6,64.01
C01090,59,7,253.99
C01091,7,8,153.53
C01092,30,8,160.02
C01093,28,8,306.53
C01094,55,5,92.64
C01095,69,7,229.16
C01096,98,3,102.79
C01097,91,9,238.55
C01098,123,5,176.83
C01099,27,3,126.65
C01100,92,5,162.2
C01101,18,5,128.06
C01102,100,2,48.98
C01103,16,4,125.15
C01104,94,7,215.53
C01105,111,7,178.81
C01106,8,4,173.01
C01107,8,4,170.47
C01108,31,6,283.33
C01109,21,9,286.56
C01110,159,2,48.59
C01111,197,4,133.91
C01112,32,6,195.78
C01113,125,3,106.38
C01114,109,7,376.02
C01115,193,4,180.55
C01116,5,2,85.79
C01117,20,5,158.25
C01118,50,7,511.83
C01119,124,7,299.3
C01120,7,3,140.08
C01121,22,3,217.52
C01122,3,7,358.82
C01123,22,7,266.4
C01124,49,7,309.23
C01125,128,5,209.88
C01126,40,7,289.08
C01127,41,3,122.22
C01128,199,2,71.57
C01129,25,5,196.37
C01130,63,5,315.77
C01131,24,4,134.89
C01132,18,1,39.57
C01133,24,6,60.0
C01134,21,3,30.55
C01135,17,5,246.97
C01136,5,3,41.28
C01137,21,7,377.13
C01138,3,6,268.4
C01139,27,2,48.04
C01140,28,7,179.44
C01141,38,4,104.41
C01142,121,6,75.49
C01143,97,5,128.9
C01144,24,8,299.47
C01145,74,4,142.85
C01146,48,3,111.82
C01147,174,6,149.37
C01148,310,5,188.28
C01149,150,8,343.34
C01150,3,7,305.26
C01151,141,7,157.19
C01152,63,5,125.67
C01153,80,3,137.83
C01154,48,10,207.75
C01155,107,4,156.77
C01156,182,5,231.46
C01157,44,5,222.28
C01158,2,6,277.23
C01159,2,3,76.14
C01160,42,6,309.82
C01161,101,6,119.6
C01162,79,3,64.52
C01163,9,3,117.16
C01164,10,9,441.17
C01165,55,4,133.1
C01166,8,6,231.84
C01167,3,3,45.37
C01168,26,4,83.1
C01169,10,2,104.72
C01170,114,7,70.0
C01171,14,6,243.06
C01172,12,4,191.01
C01173,79,5,105.13
C01174,21,7,331.12
C01175,25,5,198.43
C01176,48,4,178.84
C01177,6,3,65.77
C01178,55,4,129.21
C01179,150,6,269.03
C01180,11,6,179.49
C01181,174,7,192.23
C01182,12,3,119.42
C01183,52,6,178.25
C01184,62,6,138.83
C01185,128,8,278.53
C01186,29,7,329.39
C01187,217,6,203.07
C01188,43,5,249.29
C01189,254,4,162.86
C01190,106,9,273.77
C01191,37,4,227.1
C01192,70,7,202.95
C01193,5,11,422.35
C01194,79,6,189.39
C01195,11,5,204.82
C01196,89,8,355.55
C01197,9,2,53.85
C01198,6,3,142.13
C01199,48,8,230.97
C01200,39,3,182.9
C01201,55,6,93.17
C01202,102,5,91.1
C01203,90,7,242.15
C01204,52,5,152.97
C01205,11,3,139.93
C01206,12,4,112.1
C01207,19,10,321.75
C01208,44,6,325.18
C01209,41,2,58.02
C01210,11,5,223.05
C01211,85,8,202.05
C01212,149,5,170.47
C01213,40,4,158.83
C01214,54,3,53.41
C01215,95,2,43.29
C01216,111,4,92.5
C01217,16,1,28.83
C01218,19,5,273.42
C01219,21,4,182.84
C01220,30,6,140.32
C01221,67,8,235.31
C01222,66,5,127.71
C01223,45,6,192.95
C01224,26,2,105.61
C01225,52,5,148.51
C01226,18,2,82.84
C01227,69,4,129.56
C01228,88,4,132.57
C01229,20,9,403.62
C01230,140,7,107.6
C01231,164,3,108.89
C01232,180,4,112.58
C01233,87,11,429.62
C01234,19,4,138.11
C01235,1,5,192.75
C01236,7,4,158.67
C01237,116,8,110.16
C01238,5,7,125.27
C01239,202,3,58.79
C01240,69,8,407.68
C01241,76,5,204.38
C01242,45,4,150.1
C01243,48,7,246.71
C01244,45,7,266.91
C01245,150,3,68.68
C01246,2,9,326.68
C01247,190,9,332.87
C01248,106,6,182.67
C01249,5,3,118.55
C01250,58,3,103.09
C01251,47,8,160.01
C01252,28,3,131.75
C01253,176,2,97.19
C01254,35,6,262.87
C01255,10,7,241.94
C01256,62,2,135.03
C01257,63,6,298.71
C01258,8,4,120.14
C01259,1,6,304.5
C01260,20,6,176.1
C01261,95,2,42.03
C01262,177,7,157.57
C01263,115,6,60.0
C01264,11,7,164.01
C01265,95,6,72.89
C01266,52,5,179.55
C01267,19,8,157.47
C01268,174,6,153.44
C01269,11,4,119.28
C01270,38,9,363.3
C01271,20,1,34.38
C01272,18,6,238.33
C01273,140,4,90.2
C01274,119,6,206.39
C01275,48,7,151.18
C01276,10,6,330.61
C01277,21,8,182.15
C01278,5,4,88.98
C01279,99,7,132.06
C01280,6,3,103.62
C01281,160,6,119.16
C01282,36,2,84.73
C01283,54,4,122.0
C01284,5,4,144.06
C01285,123,7,261.59
C01286,36,4,128.99
C01287,45,9,252.57
C01288,31,2,87.77
C01289,104,3,83.43
C01290,101,5,112.39
C01291,206,4,165.69
C01292,6,6,195.12
C01293,74,7,286.13
C01294,52,3,88.93
C01295,4,5,234.44
C01296,8,6,254.95
C01297,60,3,54.66
C01298,69,5,198.88
C01299,151,7,318.25
C01300,21,14,435.75
C01301,76,1,33.97
C01302,65,9,200.89
C01303,23,6,193.85
C01304,52,4,149.26
C01305,29,6,191.88
C01306,16,8,273.7
C01307,137,3,80.65
C01308,225,4,104.9
C01309,80,6,130.84
C01310,101,3,101.27
C01311,61,8,232.51
C01312,105,7,187.11
C01313,49,5,154.75
C01314,5,5,121.39
C01315,100,8,395.31
C01316,71,5,170.69
C01317,81,4,163.18
C01318,26,5,91.86
C01319,30,5,208.76
C01320,34,3,106.61
C01321,29,5,258.71
C01322,73,3,101.58
C01323,66,6,141.86
C01324,192,7,243.33
C01325,25,3,108.74
C01326,45,2,84.96
C01327,15,7,250.75
C01328,174,3,30.0
C01329,90,9,324.28
C01330,42,5,263.06
C01331,6,4,91.7
C01332,5,8,409.9
C01333,6,4,165.03
C01334,18,3,88.16
C01335,55,4,102.54
C01336,110,4,84.1
C01337,45,6,148.71
C01338,12,6,262.58
C01339,32,6,264.18
C01340,79,6,213.78
C01341,98,4,226.9
C01342,10,3,107.04
C01343,23,4,118.79
C01344,60,5,136.16
C01345,42,2,20.0
C01346,9,5,152.97
C01347,17,4,143.47
C01348,5,3,106.83
C01349,81,3,171.12
C01350,19,5,134.85
C01351,51,6,350.14
C01352,53,4,195.85
C01353,106,6,131.65
C01354,50,9,255.4
C01355,80,7,195.44
C01356,8,2,68.35
C01357,82,4,202.88
C01358,57,4,63.19
C01359,9,6,202.62
C01360,122,5,122.56
C01361,1,7,282.39
C01362,2,7,172.22
C01363,36,10,360.44
C01364,16,4,188.6
C01365,60,8,315.11
C01366,18,4,95.63
C01367,12,2,68.68
C01368,150,7,192.02
C01369,110,4,173.93
C01370,27,6,250.8
C01371,18,3,79.17
C01372,42,7,268.68
C01373,17,5,117.38
C01374,3,3,170.54
C01375,82,4,40.0
C01376,46,5,81.22
C01377,72,5,264.75
C01378,3,5,211.25
C01379,2,4,92.45
C01380,1,3,56.3
C01381,38,6,183.87
C01382,41,6,171.33
C01383,116,5,50.0
C01384,14,8,260.32
C01385,90,5,182.9
C01386,190,7,210.56
C01387,4,7,330.46
C01388,42,2,51.62
C01389,62,3,110.35
C01390,74,4,138.25
C01391,20,6,257.95
C01392,3,5,119.54
C01393,84,4,109.18
C01394,66,5,136.22
C01395,82,4,102.94
C01396,15,5,81.27
C01397,22,6,266.56
C01398,11,4,97.1
C01399,45,5,203.85
C01400,5,4,96.62
C01401,66,4,191.44
C01402,14,6,141.84
C01403,229,4,101.81
C01404,21,4,84.61
C01405,97,6,236.86
C01406,1,6,90.89
C01407,190,6,242.65
C01408,3,7,378.07
C01409,134,3,125.54
C01410,37,5,170.54
C01411,98,5,196.48
C01412,159,4,70.99
C01413,85,7,224.99
C01414,40,10,357.85
C01415,36,6,297.02
C01416,113,5,259.95
C01417,218,6,88.72
C01418,48,5,182.72
C01419,6,2,91.71
C01420,69,4,110.22
C01421,34,4,175.59
C01422,7,3,110.46
C01423,132,4,174.68
C01424,25,6,223.39
C01425,66,9,91.6
C01426,7,4,134.48
C01427,192,3,64.62
C01428,82,4,161.48
C01429,16,5,201.52
C01430,46,4,171.64
C01431,35,3,126.39
C01432,61,5,156.88
C01433,365,5,123.42
C01434,150,7,310.88
C01435,35,4,213.25
C01436,84,3,120.78
C01437,71,3,133.37
C01438,103,3,160.28
C01439,18,5,197.58
C01440,11,3,116.24
C01441,67,5,195.74
C01442,32,6,98.06
C01443,44,4,225.46
C01444,2,7,314.16
C01445,1,5,215.64
C01446,1,8,298.71
C01447,137,5,96.46
C01448,44,3,86.08
C01449,61,3,65.13
C01450,75,8,290.26
C01451,153,1,28.88
C01452,67,3,119.1
C01453,51,3,103.76
C01454,74,8,195.87
C01455,68,7,139.88
C01456,64,5,111.92
C01457,39,2,85.53
C01458,9,6,211.78
C01459,84,3,112.74
C01460,28,7,217.21
C01461,40,4,193.54
C01462,79,8,211.78
C01463,71,5,178.25
C01464,51,4,280.41
C01465,32,4,187.68
C01466,153,2,79.24
C01467,50,2,54.54
C01468,80,4,125.34
C01469,121,6,129.13
C01470,15,3,112.62
C01471,44,6,139.88
C01472,88,9,374.05
C01473,31,3,96.53
C01474,239,5,206.62
C01475,74,6,60.0
C01476,50,5,170.97
C01477,23,3,55.1
C01478,21,6,151.55
C01479,63,8,219.6
C01480,59,2,82.27
C01481,69,7,248.39
C01482,1,4,99.39
C01483,19,4,164.1
C01484,151,4,168.92
C01485,150,4,156.36
C01486,57,7,179.28
C01487,77,4,151.43
C01488,6,6,246.22
C01489,82,5,201.44
C01490,48,1,36.32
C01491,59,6,208.91
C01492,68,4,188.62
C01493,120,3,146.14
C01494,12,3,100.19
C01495,25,3,134.66
C01496,33,6,205.86
C01497,22,6,277.88
C01498,149,5,200.17
C01499,153,4,174.53
