user_id,install_date,converted_to_trial,trial_converted,tenure_months,churned
U00000,2024-01-01,1,0,0,0
U00001,2024-01-01,0,0,0,0
U00002,2024-01-01,0,0,0,0
U00003,2024-01-01,0,0,0,0
U00004,2024-01-01,1,0,0,0
U00005,2024-01-01,1,1,2,1
U00006,2024-01-01,1,0,0,0
U00007,2024-01-01,0,0,0,0
U00008,2024-01-01,0,0,0,0
U00009,2024-01-01,0,0,0,0
U00010,2024-01-01,1,0,0,0
U00011,2024-01-01,0,0,0,0
U00012,2024-01-01,0,0,0,0
U00013,2024-01-01,1,0,0,0
U00014,2024-01-01,1,0,0,0
U00015,2024-01-01,1,1,4,0
U00016,2024-01-01,1,0,0,0
U00017,2024-01-02,0,0,0,0
U00018,2024-01-02,0,0,0,0
U00019,2024-01-02,1,1,5,1
U00020,2024-01-02,0,0,0,0
U00021,2024-01-02,1,0,0,0
U00022,2024-01-02,1,1,5,1
U00023,2024-01-02,1,1,2,1
U00024,2024-01-02,0,0,0,0
U00025,2024-01-02,0,0,0,0
U00026,2024-01-02,1,0,0,0
U00027,2024-01-02,0,0,0,0
U00028,2024-01-02,0,0,0,0
U00029,2024-01-02,1,0,0,0
U00030,2024-01-02,0,0,0,0
U00031,2024-01-02,1,1,1,1
U00032,2024-01-02,1,0,0,0
U00033,2024-01-02,0,0,0,0
U00034,2024-01-03,0,0,0,0
U00035,2024-01-03,0,0,0,0
U00036,2024-01-03,1,0,0,0
U00037,2024-01-03,1,1,2,1
U00038,2024-01-03,0,0,0,0
U00039,2024-01-03,0,0,0,0
U00040,2024-01-03,1,0,0,0
U00041,2024-01-03,0,0,0,0
U00042,2024-01-03,1,1,5,0
U00043,2024-01-03,0,0,0,0
U00044,2024-01-03,1,0,0,0
U00045,2024-01-03,0,0,0,0
U00046,2024-01-03,1,0,0,0
U00047,2024-01-03,0,0,0,0
U00048,2024-01-03,0,0,0,0
U00049,2024-01-03,1,1,5,1
U00050,2024-01-04,0,0,0,0
U00051,2024-01-04,0,0,0,0
U00052,2024-01-04,0,0,0,0
U00053,2024-01-04,0,0,0,0
U00054,2024-01-04,0,0,0,0
U00055,2024-01-04,0,0,0,0
U00056,2024-01-04,1,1,3,1
U00057,2024-01-04,1,0,0,0
U00058,2024-01-04,1,0,0,0
U00059,2024-01-04,1,0,0,0
U00060,2024-01-04,1,0,0,0
U00061,2024-01-04,1,0,0,0
U00062,2024-01-04,0,0,0,0
U00063,2024-01-04,1,1,6,1
U00064,2024-01-04,1,0,0,0
U00065,2024-01-04,0,0,0,0
U00066,2024-01-04,1,0,0,0
U00067,2024-01-05,0,0,0,0
U00068,2024-01-05,1,1,9,1
U00069,2024-01-05,0,0,0,0
U00070,2024-01-05,0,0,0,0
U00071,2024-01-05,1,1,1,1
U00072,2024-01-05,1,1,5,1
U00073,2024-01-05,0,0,0,0
U00074,2024-01-05,0,0,0,0
U00075,2024-01-05,0,0,0,0
U00076,2024-01-05,0,0,0,0
U00077,2024-01-05,1,0,0,0
U00078,2024-01-05,1,0,0,0
U00079,2024-01-05,1,1,7,1
U00080,2024-01-05,0,0,0,0
U00081,2024-01-05,0,0,0,0
U00082,2024-01-05,1,0,0,0
U00083,2024-01-06,1,1,3,1
U00084,2024-01-06,1,0,0,0
U00085,2024-01-06,1,1,3,1
U00086,2024-01-06,0,0,0,0
U00087,2024-01-06,0,0,0,0
U00088,2024-01-06,0,0,0,0
U00089,2024-01-06,0,0,0,0
U00090,2024-01-06,1,0,0,0
U00091,2024-01-06,0,0,0,0
U00092,2024-01-06,0,0,0,0
U00093,2024-01-06,0,0,0,0
U00094,2024-01-06,0,0,0,0
U00095,2024-01-06,0,0,0,0
U00096,2024-01-06,0,0,0,0
U00097,2024-01-06,0,0,0,0
U00098,2024-01-06,1,0,0,0
U00099,2024-01-06,1,0,0,0
U00100,2024-01-07,1,0,0,0
U00101,2024-01-07,0,0,0,0
U00102,2024-01-07,1,1,6,1
U00103,2024-01-07,0,0,0,0
U00104,2024-01-07,0,0,0,0
U00105,2024-01-07,1,0,0,0
U00106,2024-01-07,0,0,0,0
U00107,2024-01-07,0,0,0,0
U00108,2024-01-07,1,1,11,1
U00109,2024-01-07,1,1,9,1
U00110,2024-01-07,1,0,0,0
U00111,2024-01-07,1,1,5,1
U00112,2024-01-07,0,0,0,0
U00113,2024-01-07,0,0,0,0
U00114,2024-01-07,0,0,0,0
U00115,2024-01-07,0,0,0,0
U00116,2024-01-08,0,0,0,0
U00117,2024-01-08,1,1,7,1
U00118,2024-01-08,0,0,0,0
U00119,2024-01-08,0,0,0,0
U00120,2024-01-08,0,0,0,0
U00121,2024-01-08,0,0,0,0
U00122,2024-01-08,1,0,0,0
U00123,2024-01-08,1,0,0,0
U00124,2024-01-08,1,0,0,0
U00125,2024-01-08,0,0,0,0
U00126,2024-01-08,0,0,0,0
U00127,2024-01-08,0,0,0,0
U00128,2024-01-08,1,1,4,1
U00129,2024-01-08,0,0,0,0
U00130,2024-01-08,0,0,0,0
U00131,2024-01-08,1,1,6,1
U00132,2024-01-08,1,0,0,0
U00133,2024-01-09,1,1,4,1
U00134,2024-01-09,0,0,0,0
U00135,2024-01-09,1,1,2,1
U00136,2024-01-09,0,0,0,0
U00137,2024-01-09,0,0,0,0
U00138,2024-01-09,1,0,0,0
U00139,2024-01-09,0,0,0,0
U00140,2024-01-09,0,0,0,0
U00141,2024-01-09,1,0,0,0
U00142,2024-01-09,0,0,0,0
U00143,2024-01-09,1,0,0,0
U00144,2024-01-09,1,1,7,1
U00145,2024-01-09,1,1,5,1
U00146,2024-01-09,0,0,0,0
U00147,2024-01-09,0,0,0,0
U00148,2024-01-09,1,0,0,0
U00149,2024-01-09,1,1,4,1
U00150,2024-01-10,0,0,0,0
U00151,2024-01-10,1,0,0,0
U00152,2024-01-10,1,0,0,0
U00153,2024-01-10,0,0,0,0
U00154,2024-01-10,0,0,0,0
U00155,2024-01-10,1,0,0,0
U00156,2024-01-10,0,0,0,0
U00157,2024-01-10,0,0,0,0
U00158,2024-01-10,1,1,11,1
U00159,2024-01-10,0,0,0,0
U00160,2024-01-10,1,1,1,0
U00161,2024-01-10,0,0,0,0
U00162,2024-01-10,0,0,0,0
U00163,2024-01-10,0,0,0,0
U00164,2024-01-10,1,0,0,0
U00165,2024-01-10,0,0,0,0
U00166,2024-01-11,1,0,0,0
U00167,2024-01-11,1,0,0,0
U00168,2024-01-11,1,1,3,1
U00169,2024-01-11,0,0,0,0
U00170,2024-01-11,0,0,0,0
U00171,2024-01-11,1,1,1,1
U00172,2024-01-11,0,0,0,0
U00173,2024-01-11,1,0,0,0
U00174,2024-01-11,0,0,0,0
U00175,2024-01-11,1,0,0,0
U00176,2024-01-11,0,0,0,0
U00177,2024-01-11,1,0,0,0
U00178,2024-01-11,0,0,0,0
U00179,2024-01-11,1,1,8,1
U00180,2024-01-11,1,0,0,0
U00181,2024-01-11,1,0,0,0
U00182,2024-01-11,0,0,0,0
U00183,2024-01-12,0,0,0,0
U00184,2024-01-12,1,0,0,0
U00185,2024-01-12,0,0,0,0
U00186,2024-01-12,0,0,0,0
U00187,2024-01-12,0,0,0,0
U00188,2024-01-12,0,0,0,0
U00189,2024-01-12,1,0,0,0
U00190,2024-01-12,1,1,7,0
U00191,2024-01-12,0,0,0,0
U00192,2024-01-12,0,0,0,0
U00193,2024-01-12,0,0,0,0
U00194,2024-01-12,1,0,0,0
U00195,2024-01-12,1,1,3,1
U00196,2024-01-12,0,0,0,0
U00197,2024-01-12,0,0,0,0
U00198,2024-01-12,0,0,0,0
U00199,2024-01-13,0,0,0,0
U00200,2024-01-13,0,0,0,0
U00201,2024-01-13,1,0,0,0
U00202,2024-01-13,1,0,0,0
U00203,2024-01-13,0,0,0,0
U00204,2024-01-13,0,0,0,0
U00205,2024-01-13,1,0,0,0
U00206,2024-01-13,1,0,0,0
U00207,2024-01-13,0,0,0,0
U00208,2024-01-13,1,1,7,0
U00209,2024-01-13,1,0,0,0
U00210,2024-01-13,0,0,0,0
U00211,2024-01-13,0,0,0,0
U00212,2024-01-13,0,0,0,0
U00213,2024-01-13,1,0,0,0
U00214,2024-01-13,0,0,0,0
U00215,2024-01-13,1,1,4,1
U00216,2024-01-14,1,1,8,1
U00217,2024-01-14,0,0,0,0
U00218,2024-01-14,0,0,0,0
U00219,2024-01-14,0,0,0,0
U00220,2024-01-14,0,0,0,0
U00221,2024-01-14,0,0,0,0
U00222,2024-01-14,1,0,0,0
U00223,2024-01-14,1,1,4,1
U00224,2024-01-14,1,0,0,0
U00225,2024-01-14,1,0,0,0
U00226,2024-01-14,0,0,0,0
U00227,2024-01-14,1,0,0,0
U00228,2024-01-14,0,0,0,0
U00229,2024-01-14,0,0,0,0
U00230,2024-01-14,0,0,0,0
U00231,2024-01-14,0,0,0,0
U00232,2024-01-15,0,0,0,0
U00233,2024-01-15,0,0,0,0
U00234,2024-01-15,1,1,4,1
U00235,2024-01-15,0,0,0,0
U00236,2024-01-15,1,0,0,0
U00237,2024-01-15,1,0,0,0
U00238,2024-01-15,0,0,0,0
U00239,2024-01-15,1,1,12,0
U00240,2024-01-15,0,0,0,0
U00241,2024-01-15,0,0,0,0
U00242,2024-01-15,0,0,0,0
U00243,2024-01-15,1,0,0,0
U00244,2024-01-15,1,0,0,0
U00245,2024-01-15,0,0,0,0
U00246,2024-01-15,0,0,0,0
U00247,2024-01-15,0,0,0,0
U00248,2024-01-15,0,0,0,0
U00249,2024-01-16,0,0,0,0
U00250,2024-01-16,1,0,0,0
U00251,2024-01-16,1,1,3,1
U00252,2024-01-16,0,0,0,0
U00253,2024-01-16,1,0,0,0
U00254,2024-01-16,1,1,2,1
U00255,2024-01-16,0,0,0,0
U00256,2024-01-16,0,0,0,0
U00257,2024-01-16,0,0,0,0
U00258,2024-01-16,0,0,0,0
U00259,2024-01-16,1,1,5,1
U00260,2024-01-16,0,0,0,0
U00261,2024-01-16,0,0,0,0
U00262,2024-01-16,1,0,0,0
U00263,2024-01-16,0,0,0,0
U00264,2024-01-16,0,0,0,0
U00265,2024-01-16,0,0,0,0
U00266,2024-01-17,0,0,0,0
U00267,2024-01-17,0,0,0,0
U00268,2024-01-17,1,0,0,0
U00269,2024-01-17,1,1,12,1
U00270,2024-01-17,0,0,0,0
U00271,2024-01-17,0,0,0,0
U00272,2024-01-17,0,0,0,0
U00273,2024-01-17,0,0,0,0
U00274,2024-01-17,0,0,0,0
U00275,2024-01-17,0,0,0,0
U00276,2024-01-17,0,0,0,0
U00277,2024-01-17,0,0,0,0
U00278,2024-01-17,0,0,0,0
U00279,2024-01-17,0,0,0,0
U00280,2024-01-17,0,0,0,0
U00281,2024-01-17,1,1,4,1
U00282,2024-01-18,1,1,2,1
U00283,2024-01-18,1,1,3,0
U00284,2024-01-18,0,0,0,0
U00285,2024-01-18,1,1,5,1
U00286,2024-01-18,0,0,0,0
U00287,2024-01-18,0,0,0,0
U00288,2024-01-18,1,1,2,1
U00289,2024-01-18,0,0,0,0
U00290,2024-01-18,1,0,0,0
U00291,2024-01-18,1,0,0,0
U00292,2024-01-18,0,0,0,0
U00293,2024-01-18,1,0,0,0
U00294,2024-01-18,1,0,0,0
U00295,2024-01-18,0,0,0,0
U00296,2024-01-18,0,0,0,0
U00297,2024-01-18,1,1,6,1
U00298,2024-01-18,0,0,0,0
U00299,2024-01-19,1,0,0,0
U00300,2024-01-19,1,0,0,0
U00301,2024-01-19,0,0,0,0
U00302,2024-01-19,0,0,0,0
U00303,2024-01-19,0,0,0,0
U00304,2024-01-19,0,0,0,0
U00305,2024-01-19,0,0,0,0
U00306,2024-01-19,0,0,0,0
U00307,2024-01-19,1,0,0,0
U00308,2024-01-19,0,0,0,0
U00309,2024-01-19,1,0,0,0
U00310,2024-01-19,0,0,0,0
U00311,2024-01-19,1,0,0,0
U00312,2024-01-19,1,0,0,0
U00313,2024-01-19,0,0,0,0
U00314,2024-01-19,0,0,0,0
U00315,2024-01-20,0,0,0,0
U00316,2024-01-20,0,0,0,0
U00317,2024-01-20,1,1,12,1
U00318,2024-01-20,1,0,0,0
U00319,2024-01-20,1,0,0,0
U00320,2024-01-20,0,0,0,0
U00321,2024-01-20,0,0,0,0
U00322,2024-01-20,0,0,0,0
U00323,2024-01-20,1,0,0,0
U00324,2024-01-20,0,0,0,0
U00325,2024-01-20,0,0,0,0
U00326,2024-01-20,0,0,0,0
U00327,2024-01-20,0,0,0,0
U00328,2024-01-20,0,0,0,0
U00329,2024-01-20,1,0,0,0
U00330,2024-01-20,1,1,4,1
U00331,2024-01-20,0,0,0,0
U00332,2024-01-21,1,0,0,0
U00333,2024-01-21,1,0,0,0
U00334,2024-01-21,1,0,0,0
U00335,2024-01-21,1,0,0,0
U00336,2024-01-21,0,0,0,0
U00337,2024-01-21,0,0,0,0
U00338,2024-01-21,0,0,0,0
U00339,2024-01-21,1,1,4,0
U00340,2024-01-21,0,0,0,0
U00341,2024-01-21,0,0,0,0
U00342,2024-01-21,1,0,0,0
U00343,2024-01-21,0,0,0,0
U00344,2024-01-21,1,0,0,0
U00345,2024-01-21,0,0,0,0
U00346,2024-01-21,0,0,0,0
U00347,2024-01-21,1,0,0,0
U00348,2024-01-22,1,0,0,0
U00349,2024-01-22,0,0,0,0
U00350,2024-01-22,0,0,0,0
U00351,2024-01-22,0,0,0,0
U00352,2024-01-22,0,0,0,0
U00353,2024-01-22,1,0,0,0
U00354,2024-01-22,1,0,0,0
U00355,2024-01-22,0,0,0,0
U00356,2024-01-22,1,1,4,1
U00357,2024-01-22,0,0,0,0
U00358,2024-01-22,0,0,0,0
U00359,2024-01-22,0,0,0,0
U00360,2024-01-22,1,0,0,0
U00361,2024-01-22,0,0,0,0
U00362,2024-01-22,0,0,0,0
U00363,2024-01-22,0,0,0,0
U00364,2024-01-22,0,0,0,0
U00365,2024-01-23,1,0,0,0
U00366,2024-01-23,0,0,0,0
U00367,2024-01-23,0,0,0,0
U00368,2024-01-23,1,0,0,0
U00369,2024-01-23,1,0,0,0
U00370,2024-01-23,1,0,0,0
U00371,2024-01-23,1,1,2,1
U00372,2024-01-23,1,0,0,0
U00373,2024-01-23,0,0,0,0
U00374,2024-01-23,1,1,10,1
U00375,2024-01-23,1,0,0,0
U00376,2024-01-23,0,0,0,0
U00377,2024-01-23,1,1,4,0
U00378,2024-01-23,0,0,0,0
U00379,2024-01-23,1,1,4,1
U00380,2024-01-23,1,0,0,0
U00381,2024-01-23,0,0,0,0
U00382,2024-01-24,0,0,0,0
U00383,2024-01-24,0,0,0,0
U00384,2024-01-24,0,0,0,0
U00385,2024-01-24,0,0,0,0
U00386,2024-01-24,1,1,6,1
U00387,2024-01-24,1,0,0,0
U00388,2024-01-24,0,0,0,0
U00389,2024-01-24,0,0,0,0
U00390,2024-01-24,0,0,0,0
U00391,2024-01-24,0,0,0,0
U00392,2024-01-24,1,0,0,0
U00393,2024-01-24,0,0,0,0
U00394,2024-01-24,1,1,4,1
U00395,2024-01-24,0,0,0,0
U00396,2024-01-24,0,0,0,0
U00397,2024-01-24,0,0,0,0
U00398,2024-01-25,0,0,0,0
U00399,2024-01-25,0,0,0,0
U00400,2024-01-25,1,0,0,0
U00401,2024-01-25,0,0,0,0
U00402,2024-01-25,0,0,0,0
U00403,2024-01-25,0,0,0,0
U00404,2024-01-25,1,0,0,0
U00405,2024-01-25,0,0,0,0
U00406,2024-01-25,1,0,0,0
U00407,2024-01-25,1,1,6,1
U00408,2024-01-25,0,0,0,0
U00409,2024-01-25,1,1,2,1
U00410,2024-01-25,1,1,9,1
U00411,2024-01-25,0,0,0,0
U00412,2024-01-25,0,0,0,0
U00413,2024-01-25,0,0,0,0
U00414,2024-01-25,0,0,0,0
U00415,2024-01-26,0,0,0,0
U00416,2024-01-26,1,1,12,1
U00417,2024-01-26,1,1,6,1
U00418,2024-01-26,0,0,0,0
U00419,2024-01-26,0,0,0,0
U00420,2024-01-26,0,0,0,0
U00421,2024-01-26,0,0,0,0
U00422,2024-01-26,1,0,0,0
U00423,2024-01-26,0,0,0,0
U00424,2024-01-26,1,0,0,0
U00425,2024-01-26,0,0,0,0
U00426,2024-01-26,0,0,0,0
U00427,2024-01-26,0,0,0,0
U00428,2024-01-26,1,0,0,0
U00429,2024-01-26,1,0,0,0
U00430,2024-01-26,1,1,12,1
U00431,2024-01-27,0,0,0,0
U00432,2024-01-27,0,0,0,0
U00433,2024-01-27,1,1,2,1
U00434,2024-01-27,1,1,4,1
U00435,2024-01-27,0,0,0,0
U00436,2024-01-27,1,1,6,1
U00437,2024-01-27,0,0,0,0
U00438,2024-01-27,0,0,0,0
U00439,2024-01-27,1,0,0,0
U00440,2024-01-27,1,0,0,0
U00441,2024-01-27,0,0,0,0
U00442,2024-01-27,1,0,0,0
U00443,2024-01-27,1,0,0,0
U00444,2024-01-27,0,0,0,0
U00445,2024-01-27,0,0,0,0
U00446,2024-01-27,0,0,0,0
U00447,2024-01-27,0,0,0,0
U00448,2024-01-28,1,0,0,0
U00449,2024-01-28,1,0,0,0
U00450,2024-01-28,0,0,0,0
U00451,2024-01-28,0,0,0,0
U00452,2024-01-28,0,0,0,0
U00453,2024-01-28,0,0,0,0
U00454,2024-01-28,1,1,5,1
U00455,2024-01-28,0,0,0,0
U00456,2024-01-28,1,0,0,0
U00457,2024-01-28,0,0,0,0
U00458,2024-01-28,1,0,0,0
U00459,2024-01-28,1,1,4,1
U00460,2024-01-28,1,0,0,0
U00461,2024-01-28,0,0,0,0
U00462,2024-01-28,0,0,0,0
U00463,2024-01-28,0,0,0,0
U00464,2024-01-29,0,0,0,0
U00465,2024-01-29,1,0,0,0
U00466,2024-01-29,1,0,0,0
U00467,2024-01-29,0,0,0,0
U00468,2024-01-29,1,0,0,0
U00469,2024-01-29,0,0,0,0
U00470,2024-01-29,1,1,3,1
U00471,2024-01-29,0,0,0,0
U00472,2024-01-29,1,0,0,0
U00473,2024-01-29,0,0,0,0
U00474,2024-01-29,0,0,0,0
U00475,2024-01-29,0,0,0,0
U00476,2024-01-29,1,0,0,0
U00477,2024-01-29,0,0,0,0
U00478,2024-01-29,0,0,0,0
U00479,2024-01-29,0,0,0,0
U00480,2024-01-29,0,0,0,0
U00481,2024-01-30,0,0,0,0
U00482,2024-01-30,0,0,0,0
U00483,2024-01-30,0,0,0,0
U00484,2024-01-30,0,0,0,0
U00485,2024-01-30,0,0,0,0
U00486,2024-01-30,1,0,0,0
U00487,2024-01-30,1,1,2,1
U00488,2024-01-30,0,0,0,0
U00489,2024-01-30,0,0,0,0
U00490,2024-01-30,0,0,0,0
U00491,2024-01-30,0,0,0,0
U00492,2024-01-30,1,0,0,0
U00493,2024-01-30,1,0,0,0
U00494,2024-01-30,0,0,0,0
U00495,2024-01-30,1,0,0,0
U00496,2024-01-30,0,0,0,0
U00497,2024-01-30,1,0,0,0
U00498,2024-01-31,0,0,0,0
U00499,2024-01-31,0,0,0,0
U00500,2024-01-31,0,0,0,0
U00501,2024-01-31,0,0,0,0
U00502,2024-01-31,1,0,0,0
U00503,2024-01-31,0,0,0,0
U00504,2024-01-31,0,0,0,0
U00505,2024-01-31,1,0,0,0
U00506,2024-01-31,0,0,0,0
U00507,2024-01-31,0,0,0,0
U00508,2024-01-31,0,0,0,0
U00509,2024-01-31,0,0,0,0
U00510,2024-01-31,0,0,0,0
U00511,2024-01-31,0,0,0,0
U00512,2024-01-31,0,0,0,0
U00513,2024-01-31,0,0,0,0
U00514,2024-02-01,1,0,0,0
U00515,2024-02-01,1,1,4,1
U00516,2024-02-01,1,0,0,0
U00517,2024-02-01,0,0,0,0
U00518,2024-02-01,0,0,0,0
U00519,2024-02-01,1,1,2,0
U00520,2024-02-01,0,0,0,0
U00521,2024-02-01,1,0,0,0
U00522,2024-02-01,0,0,0,0
U00523,2024-02-01,0,0,0,0
U00524,2024-02-01,0,0,0,0
U00525,2024-02-01,0,0,0,0
U00526,2024-02-01,0,0,0,0
U00527,2024-02-01,1,1,7,1
U00528,2024-02-01,1,1,2,0
U00529,2024-02-01,0,0,0,0
U00530,2024-02-01,0,0,0,0
U00531,2024-02-02,0,0,0,0
U00532,2024-02-02,0,0,0,0
U00533,2024-02-02,0,0,0,0
U00534,2024-02-02,0,0,0,0
U00535,2024-02-02,0,0,0,0
U00536,2024-02-02,0,0,0,0
U00537,2024-02-02,1,1,1,1
U00538,2024-02-02,0,0,0,0
U00539,2024-02-02,1,1,5,1
U00540,2024-02-02,0,0,0,0
U00541,2024-02-02,0,0,0,0
U00542,2024-02-02,1,0,0,0
U00543,2024-02-02,0,0,0,0
U00544,2024-02-02,0,0,0,0
U00545,2024-02-02,1,0,0,0
U00546,2024-02-02,1,0,0,0
U00547,2024-02-03,0,0,0,0
U00548,2024-02-03,0,0,0,0
U00549,2024-02-03,0,0,0,0
U00550,2024-02-03,0,0,0,0
U00551,2024-02-03,0,0,0,0
U00552,2024-02-03,0,0,0,0
U00553,2024-02-03,0,0,0,0
U00554,2024-02-03,0,0,0,0
U00555,2024-02-03,0,0,0,0
U00556,2024-02-03,1,1,6,1
U00557,2024-02-03,1,1,10,1
U00558,2024-02-03,0,0,0,0
U00559,2024-02-03,0,0,0,0
U00560,2024-02-03,0,0,0,0
U00561,2024-02-03,1,1,5,1
U00562,2024-02-03,1,1,3,1
U00563,2024-02-03,1,0,0,0
U00564,2024-02-04,1,1,8,0
U00565,2024-02-04,0,0,0,0
U00566,2024-02-04,1,0,0,0
U00567,2024-02-04,0,0,0,0
U00568,2024-02-04,0,0,0,0
U00569,2024-02-04,1,1,5,1
U00570,2024-02-04,0,0,0,0
U00571,2024-02-04,0,0,0,0
U00572,2024-02-04,1,1,2,1
U00573,2024-02-04,0,0,0,0
U00574,2024-02-04,0,0,0,0
U00575,2024-02-04,0,0,0,0
U00576,2024-02-04,1,0,0,0
U00577,2024-02-04,0,0,0,0
U00578,2024-02-04,0,0,0,0
U00579,2024-02-04,1,0,0,0
U00580,2024-02-05,0,0,0,0
U00581,2024-02-05,0,0,0,0
U00582,2024-02-05,0,0,0,0
U00583,2024-02-05,1,1,5,1
U00584,2024-02-05,0,0,0,0
U00585,2024-02-05,1,1,11,1
U00586,2024-02-05,1,0,0,0
U00587,2024-02-05,1,1,4,1
U00588,2024-02-05,1,1,3,1
U00589,2024-02-05,1,0,0,0
U00590,2024-02-05,1,0,0,0
U00591,2024-02-05,0,0,0,0
U00592,2024-02-05,1,0,0,0
U00593,2024-02-05,1,0,0,0
U00594,2024-02-05,0,0,0,0
U00595,2024-02-05,0,0,0,0
U00596,2024-02-05,0,0,0,0
U00597,2024-02-06,1,0,0,0
U00598,2024-02-06,1,0,0,0
U00599,2024-02-06,1,0,0,0
U00600,2024-02-06,1,0,0,0
U00601,2024-02-06,1,1,2,0
U00602,2024-02-06,1,0,0,0
U00603,2024-02-06,1,0,0,0
U00604,2024-02-06,1,0,0,0
U00605,2024-02-06,0,0,0,0
U00606,2024-02-06,1,0,0,0
U00607,2024-02-06,1,0,0,0
U00608,2024-02-06,0,0,0,0
U00609,2024-02-06,0,0,0,0
U00610,2024-02-06,1,1,2,1
U00611,2024-02-06,0,0,0,0
U00612,2024-02-06,0,0,0,0
U00613,2024-02-06,1,0,0,0
U00614,2024-02-07,0,0,0,0
U00615,2024-02-07,0,0,0,0
U00616,2024-02-07,1,1,4,1
U00617,2024-02-07,1,1,6,1
U00618,2024-02-07,0,0,0,0
U00619,2024-02-07,0,0,0,0
U00620,2024-02-07,1,1,2,1
U00621,2024-02-07,1,0,0,0
U00622,2024-02-07,1,1,12,1
U00623,2024-02-07,0,0,0,0
U00624,2024-02-07,0,0,0,0
U00625,2024-02-07,1,0,0,0
U00626,2024-02-07,0,0,0,0
U00627,2024-02-07,0,0,0,0
U00628,2024-02-07,1,0,0,0
U00629,2024-02-07,1,1,8,1
U00630,2024-02-08,0,0,0,0
U00631,2024-02-08,0,0,0,0
U00632,2024-02-08,0,0,0,0
U00633,2024-02-08,0,0,0,0
U00634,2024-02-08,1,0,0,0
U00635,2024-02-08,0,0,0,0
U00636,2024-02-08,0,0,0,0
U00637,2024-02-08,1,0,0,0
U00638,2024-02-08,1,1,6,1
U00639,2024-02-08,1,0,0,0
U00640,2024-02-08,1,1,9,1
U00641,2024-02-08,1,0,0,0
U00642,2024-02-08,1,0,0,0
U00643,2024-02-08,1,0,0,0
U00644,2024-02-08,1,0,0,0
U00645,2024-02-08,0,0,0,0
U00646,2024-02-08,0,0,0,0
U00647,2024-02-09,0,0,0,0
U00648,2024-02-09,0,0,0,0
U00649,2024-02-09,0,0,0,0
U00650,2024-02-09,1,1,2,1
U00651,2024-02-09,0,0,0,0
U00652,2024-02-09,0,0,0,0
U00653,2024-02-09,0,0,0,0
U00654,2024-02-09,0,0,0,0
U00655,2024-02-09,1,1,4,0
U00656,2024-02-09,1,0,0,0
U00657,2024-02-09,1,0,0,0
U00658,2024-02-09,0,0,0,0
U00659,2024-02-09,0,0,0,0
U00660,2024-02-09,1,0,0,0
U00661,2024-02-09,0,0,0,0
U00662,2024-02-09,0,0,0,0
U00663,2024-02-10,1,0,0,0
U00664,2024-02-10,1,0,0,0
U00665,2024-02-10,1,0,0,0
U00666,2024-02-10,1,1,6,1
U00667,2024-02-10,1,0,0,0
U00668,2024-02-10,1,0,0,0
U00669,2024-02-10,1,1,9,1
U00670,2024-02-10,1,0,0,0
U00671,2024-02-10,0,0,0,0
U00672,2024-02-10,1,0,0,0
U00673,2024-02-10,0,0,0,0
U00674,2024-02-10,0,0,0,0
U00675,2024-02-10,0,0,0,0
U00676,2024-02-10,1,0,0,0
U00677,2024-02-10,1,1,8,1
U00678,2024-02-10,0,0,0,0
U00679,2024-02-10,0,0,0,0
U00680,2024-02-11,0,0,0,0
U00681,2024-02-11,1,0,0,0
U00682,2024-02-11,1,0,0,0
U00683,2024-02-11,0,0,0,0
U00684,2024-02-11,0,0,0,0
U00685,2024-02-11,0,0,0,0
U00686,2024-02-11,0,0,0,0
U00687,2024-02-11,1,0,0,0
U00688,2024-02-11,0,0,0,0
U00689,2024-02-11,1,1,3,1
U00690,2024-02-11,1,1,12,1
U00691,2024-02-11,0,0,0,0
U00692,2024-02-11,0,0,0,0
U00693,2024-02-11,1,0,0,0
U00694,2024-02-11,1,0,0,0
U00695,2024-02-11,0,0,0,0
U00696,2024-02-12,1,0,0,0
U00697,2024-02-12,0,0,0,0
U00698,2024-02-12,1,0,0,0
U00699,2024-02-12,0,0,0,0
U00700,2024-02-12,0,0,0,0
U00701,2024-02-12,1,1,2,1
U00702,2024-02-12,1,0,0,0
U00703,2024-02-12,1,1,10,1
U00704,2024-02-12,1,0,0,0
U00705,2024-02-12,0,0,0,0
U00706,2024-02-12,1,0,0,0
U00707,2024-02-12,0,0,0,0
U00708,2024-02-12,1,0,0,0
U00709,2024-02-12,0,0,0,0
U00710,2024-02-12,0,0,0,0
U00711,2024-02-12,0,0,0,0
U00712,2024-02-12,0,0,0,0
U00713,2024-02-13,0,0,0,0
U00714,2024-02-13,1,0,0,0
U00715,2024-02-13,0,0,0,0
U00716,2024-02-13,0,0,0,0
U00717,2024-02-13,0,0,0,0
U00718,2024-02-13,1,0,0,0
U00719,2024-02-13,0,0,0,0
U00720,2024-02-13,0,0,0,0
U00721,2024-02-13,1,1,12,1
U00722,2024-02-13,1,1,2,1
U00723,2024-02-13,0,0,0,0
U00724,2024-02-13,0,0,0,0
U00725,2024-02-13,0,0,0,0
U00726,2024-02-13,1,0,0,0
U00727,2024-02-13,0,0,0,0
U00728,2024-02-13,1,0,0,0
U00729,2024-02-13,1,1,7,1
U00730,2024-02-14,1,0,0,0
U00731,2024-02-14,0,0,0,0
U00732,2024-02-14,0,0,0,0
U00733,2024-02-14,0,0,0,0
U00734,2024-02-14,1,0,0,0
U00735,2024-02-14,0,0,0,0
U00736,2024-02-14,1,0,0,0
U00737,2024-02-14,0,0,0,0
U00738,2024-02-14,0,0,0,0
U00739,2024-02-14,1,0,0,0
U00740,2024-02-14,0,0,0,0
U00741,2024-02-14,1,0,0,0
U00742,2024-02-14,0,0,0,0
U00743,2024-02-14,0,0,0,0
U00744,2024-02-14,1,1,1,0
U00745,2024-02-14,0,0,0,0
U00746,2024-02-15,1,1,4,0
U00747,2024-02-15,0,0,0,0
U00748,2024-02-15,0,0,0,0
U00749,2024-02-15,0,0,0,0
U00750,2024-02-15,1,0,0,0
U00751,2024-02-15,0,0,0,0
U00752,2024-02-15,0,0,0,0
U00753,2024-02-15,1,0,0,0
U00754,2024-02-15,1,1,5,1
U00755,2024-02-15,0,0,0,0
U00756,2024-02-15,0,0,0,0
U00757,2024-02-15,0,0,0,0
U00758,2024-02-15,0,0,0,0
U00759,2024-02-15,0,0,0,0
U00760,2024-02-15,1,0,0,0
U00761,2024-02-15,1,0,0,0
U00762,2024-02-15,1,0,0,0
U00763,2024-02-16,0,0,0,0
U00764,2024-02-16,1,1,5,1
U00765,2024-02-16,0,0,0,0
U00766,2024-02-16,0,0,0,0
U00767,2024-02-16,0,0,0,0
U00768,2024-02-16,1,0,0,0
U00769,2024-02-16,0,0,0,0
U00770,2024-02-16,1,0,0,0
U00771,2024-02-16,0,0,0,0
U00772,2024-02-16,1,0,0,0
U00773,2024-02-16,1,0,0,0
U00774,2024-02-16,0,0,0,0
U00775,2024-02-16,1,0,0,0
U00776,2024-02-16,1,0,0,0
U00777,2024-02-16,0,0,0,0
U00778,2024-02-16,0,0,0,0
U00779,2024-02-17,0,0,0,0
U00780,2024-02-17,0,0,0,0
U00781,2024-02-17,0,0,0,0
U00782,2024-02-17,1,1,12,1
U00783,2024-02-17,1,0,0,0
U00784,2024-02-17,1,0,0,0
U00785,2024-02-17,0,0,0,0
U00786,2024-02-17,0,0,0,0
U00787,2024-02-17,0,0,0,0
U00788,2024-02-17,0,0,0,0
U00789,2024-02-17,0,0,0,0
U00790,2024-02-17,1,0,0,0
U00791,2024-02-17,0,0,0,0
U00792,2024-02-17,0,0,0,0
U00793,2024-02-17,0,0,0,0
U00794,2024-02-17,1,1,6,0
U00795,2024-02-17,0,0,0,0
U00796,2024-02-18,0,0,0,0
U00797,2024-02-18,0,0,0,0
U00798,2024-02-18,0,0,0,0
U00799,2024-02-18,0,0,0,0
U00800,2024-02-18,0,0,0,0
U00801,2024-02-18,1,1,5,1
U00802,2024-02-18,0,0,0,0
U00803,2024-02-18,0,0,0,0
U00804,2024-02-18,0,0,0,0
U00805,2024-02-18,0,0,0,0
U00806,2024-02-18,0,0,0,0
U00807,2024-02-18,0,0,0,0
U00808,2024-02-18,0,0,0,0
U00809,2024-02-18,1,0,0,0
U00810,2024-02-18,0,0,0,0
U00811,2024-02-18,0,0,0,0
U00812,2024-02-19,1,0,0,0
U00813,2024-02-19,0,0,0,0
U00814,2024-02-19,0,0,0,0
U00815,2024-02-19,0,0,0,0
U00816,2024-02-19,0,0,0,0
U00817,2024-02-19,1,0,0,0
U00818,2024-02-19,1,0,0,0
U00819,2024-02-19,1,0,0,0
U00820,2024-02-19,0,0,0,0
U00821,2024-02-19,1,0,0,0
U00822,2024-02-19,1,0,0,0
U00823,2024-02-19,1,0,0,0
U00824,2024-02-19,0,0,0,0
U00825,2024-02-19,0,0,0,0
U00826,2024-02-19,1,0,0,0
U00827,2024-02-19,1,1,9,0
U00828,2024-02-19,0,0,0,0
U00829,2024-02-20,0,0,0,0
U00830,2024-02-20,1,0,0,0
U00831,2024-02-20,0,0,0,0
U00832,2024-02-20,1,0,0,0
U00833,2024-02-20,1,1,12,1
U00834,2024-02-20,0,0,0,0
U00835,2024-02-20,0,0,0,0
U00836,2024-02-20,0,0,0,0
U00837,2024-02-20,1,1,1,1
U00838,2024-02-20,0,0,0,0
U00839,2024-02-20,0,0,0,0
U00840,2024-02-20,1,1,12,1
U00841,2024-02-20,0,0,0,0
U00842,2024-02-20,1,1,2,0
U00843,2024-02-20,0,0,0,0
U00844,2024-02-20,1,1,9,0
U00845,2024-02-20,0,0,0,0
U00846,2024-02-21,1,0,0,0
U00847,2024-02-21,0,0,0,0
U00848,2024-02-21,0,0,0,0
U00849,2024-02-21,0,0,0,0
U00850,2024-02-21,1,0,0,0
U00851,2024-02-21,0,0,0,0
U00852,2024-02-21,1,0,0,0
U00853,2024-02-21,0,0,0,0
U00854,2024-02-21,1,1,3,1
U00855,2024-02-21,1,1,2,1
U00856,2024-02-21,1,0,0,0
U00857,2024-02-21,0,0,0,0
U00858,2024-02-21,0,0,0,0
U00859,2024-02-21,1,0,0,0
U00860,2024-02-21,0,0,0,0
U00861,2024-02-21,0,0,0,0
U00862,2024-02-22,0,0,0,0
U00863,2024-02-22,0,0,0,0
U00864,2024-02-22,0,0,0,0
U00865,2024-02-22,0,0,0,0
U00866,2024-02-22,1,0,0,0
U00867,2024-02-22,1,0,0,0
U00868,2024-02-22,0,0,0,0
U00869,2024-02-22,0,0,0,0
U00870,2024-02-22,1,0,0,0
U00871,2024-02-22,1,1,4,1
U00872,2024-02-22,0,0,0,0
U00873,2024-02-22,0,0,0,0
U00874,2024-02-22,1,0,0,0
U00875,2024-02-22,1,1,6,1
U00876,2024-02-22,0,0,0,0
U00877,2024-02-22,0,0,0,0
U00878,2024-02-22,1,0,0,0
U00879,2024-02-23,1,0,0,0
U00880,2024-02-23,1,1,4,1
U00881,2024-02-23,0,0,0,0
U00882,2024-02-23,1,1,1,1
U00883,2024-02-23,1,1,6,1
U00884,2024-02-23,0,0,0,0
U00885,2024-02-23,1,0,0,0
U00886,2024-02-23,0,0,0,0
U00887,2024-02-23,1,1,11,1
U00888,2024-02-23,1,0,0,0
U00889,2024-02-23,1,1,4,1
U00890,2024-02-23,0,0,0,0
U00891,2024-02-23,0,0,0,0
U00892,2024-02-23,0,0,0,0
U00893,2024-02-23,1,0,0,0
U00894,2024-02-23,0,0,0,0
U00895,2024-02-24,1,0,0,0
U00896,2024-02-24,1,0,0,0
U00897,2024-02-24,0,0,0,0
U00898,2024-02-24,1,0,0,0
U00899,2024-02-24,1,1,3,1
U00900,2024-02-24,1,1,4,1
U00901,2024-02-24,1,0,0,0
U00902,2024-02-24,1,0,0,0
U00903,2024-02-24,0,0,0,0
U00904,2024-02-24,0,0,0,0
U00905,2024-02-24,0,0,0,0
U00906,2024-02-24,0,0,0,0
U00907,2024-02-24,1,0,0,0
U00908,2024-02-24,1,1,1,1
U00909,2024-02-24,1,1,9,1
U00910,2024-02-24,0,0,0,0
U00911,2024-02-24,1,1,9,1
U00912,2024-02-25,0,0,0,0
U00913,2024-02-25,0,0,0,0
U00914,2024-02-25,0,0,0,0
U00915,2024-02-25,0,0,0,0
U00916,2024-02-25,1,0,0,0
U00917,2024-02-25,0,0,0,0
U00918,2024-02-25,0,0,0,0
U00919,2024-02-25,1,1,6,1
U00920,2024-02-25,0,0,0,0
U00921,2024-02-25,0,0,0,0
U00922,2024-02-25,0,0,0,0
U00923,2024-02-25,0,0,0,0
U00924,2024-02-25,0,0,0,0
U00925,2024-02-25,1,0,0,0
U00926,2024-02-25,1,1,4,1
U00927,2024-02-25,0,0,0,0
U00928,2024-02-26,0,0,0,0
U00929,2024-02-26,1,0,0,0
U00930,2024-02-26,1,1,8,1
U00931,2024-02-26,0,0,0,0
U00932,2024-02-26,0,0,0,0
U00933,2024-02-26,0,0,0,0
U00934,2024-02-26,1,0,0,0
U00935,2024-02-26,1,0,0,0
U00936,2024-02-26,1,1,5,1
U00937,2024-02-26,0,0,0,0
U00938,2024-02-26,1,0,0,0
U00939,2024-02-26,0,0,0,0
U00940,2024-02-26,1,0,0,0
U00941,2024-02-26,0,0,0,0
U00942,2024-02-26,0,0,0,0
U00943,2024-02-26,0,0,0,0
U00944,2024-02-26,1,0,0,0
U00945,2024-02-27,1,0,0,0
U00946,2024-02-27,1,1,9,1
U00947,2024-02-27,0,0,0,0
U00948,2024-02-27,0,0,0,0
U00949,2024-02-27,0,0,0,0
U00950,2024-02-27,0,0,0,0
U00951,2024-02-27,0,0,0,0
U00952,2024-02-27,1,0,0,0
U00953,2024-02-27,0,0,0,0
U00954,2024-02-27,0,0,0,0
U00955,2024-02-27,1,1,6,0
U00956,2024-02-27,0,0,0,0
U00957,2024-02-27,1,1,8,0
U00958,2024-02-27,1,0,0,0
U00959,2024-02-27,0,0,0,0
U00960,2024-02-27,1,1,6,1
U00961,2024-02-27,0,0,0,0
U00962,2024-02-28,1,0,0,0
U00963,2024-02-28,1,0,0,0
U00964,2024-02-28,1,0,0,0
U00965,2024-02-28,1,0,0,0
U00966,2024-02-28,0,0,0,0
U00967,2024-02-28,1,1,4,1
U00968,2024-02-28,0,0,0,0
U00969,2024-02-28,0,0,0,0
U00970,2024-02-28,0,0,0,0
U00971,2024-02-28,0,0,0,0
U00972,2024-02-28,0,0,0,0
U00973,2024-02-28,1,1,12,1
U00974,2024-02-28,1,0,0,0
U00975,2024-02-28,1,1,5,0
U00976,2024-02-28,0,0,0,0
U00977,2024-02-28,1,1,6,1
U00978,2024-02-29,0,0,0,0
U00979,2024-02-29,0,0,0,0
U00980,2024-02-29,1,0,0,0
U00981,2024-02-29,0,0,0,0
U00982,2024-02-29,1,0,0,0
U00983,2024-02-29,1,0,0,0
U00984,2024-02-29,0,0,0,0
U00985,2024-02-29,0,0,0,0
U00986,2024-02-29,0,0,0,0
U00987,2024-02-29,0,0,0,0
U00988,2024-02-29,1,1,3,1
U00989,2024-02-29,0,0,0,0
U00990,2024-02-29,0,0,0,0
U00991,2024-02-29,0,0,0,0
U00992,2024-02-29,1,0,0,0
U00993,2024-02-29,0,0,0,0
U00994,2024-02-29,1,1,6,1
U00995,2024-03-01,1,1,5,1
U00996,2024-03-01,0,0,0,0
U00997,2024-03-01,1,0,0,0
U00998,2024-03-01,0,0,0,0
U00999,2024-03-01,0,0,0,0
U01000,2024-03-01,1,0,0,0
U01001,2024-03-01,0,0,0,0
U01002,2024-03-01,0,0,0,0
U01003,2024-03-01,0,0,0,0
U01004,2024-03-01,0,0,0,0
U01005,2024-03-01,0,0,0,0
U01006,2024-03-01,0,0,0,0
U01007,2024-03-01,0,0,0,0
U01008,2024-03-01,1,0,0,0
U01009,2024-03-01,0,0,0,0
U01010,2024-03-01,1,1,2,1
U01011,2024-03-02,0,0,0,0
U01012,2024-03-02,0,0,0,0
U01013,2024-03-02,1,0,0,0
U01014,2024-03-02,0,0,0,0
U01015,2024-03-02,0,0,0,0
U01016,2024-03-02,1,0,0,0
U01017,2024-03-02,0,0,0,0
U01018,2024-03-02,0,0,0,0
U01019,2024-03-02,1,0,0,0
U01020,2024-03-02,0,0,0,0
U01021,2024-03-02,1,0,0,0
U01022,2024-03-02,0,0,0,0
U01023,2024-03-02,0,0,0,0
U01024,2024-03-02,0,0,0,0
U01025,2024-03-02,0,0,0,0
U01026,2024-03-02,0,0,0,0
U01027,2024-03-02,0,0,0,0
U01028,2024-03-03,1,0,0,0
U01029,2024-03-03,0,0,0,0
U01030,2024-03-03,1,0,0,0
U01031,2024-03-03,0,0,0,0
U01032,2024-03-03,1,0,0,0
U01033,2024-03-03,1,0,0,0
U01034,2024-03-03,1,0,0,0
U01035,2024-03-03,0,0,0,0
U01036,2024-03-03,1,0,0,0
U01037,2024-03-03,0,0,0,0
U01038,2024-03-03,1,0,0,0
U01039,2024-03-03,1,0,0,0
U01040,2024-03-03,0,0,0,0
U01041,2024-03-03,0,0,0,0
U01042,2024-03-03,1,1,1,1
U01043,2024-03-03,0,0,0,0
U01044,2024-03-04,0,0,0,0
U01045,2024-03-04,0,0,0,0
U01046,2024-03-04,1,0,0,0
U01047,2024-03-04,1,0,0,0
U01048,2024-03-04,0,0,0,0
U01049,2024-03-04,1,0,0,0
U01050,2024-03-04,0,0,0,0
U01051,2024-03-04,0,0,0,0
U01052,2024-03-04,0,0,0,0
U01053,2024-03-04,0,0,0,0
U01054,2024-03-04,0,0,0,0
U01055,2024-03-04,1,1,6,1
U01056,2024-03-04,0,0,0,0
U01057,2024-03-04,0,0,0,0
U01058,2024-03-04,0,0,0,0
U01059,2024-03-04,0,0,0,0
U01060,2024-03-04,0,0,0,0
U01061,2024-03-05,0,0,0,0
U01062,2024-03-05,0,0,0,0
U01063,2024-03-05,0,0,0,0
U01064,2024-03-05,0,0,0,0
U01065,2024-03-05,0,0,0,0
U01066,2024-03-05,1,0,0,0
U01067,2024-03-05,1,1,8,1
U01068,2024-03-05,1,0,0,0
U01069,2024-03-05,1,0,0,0
U01070,2024-03-05,1,0,0,0
U01071,2024-03-05,1,0,0,0
U01072,2024-03-05,1,0,0,0
U01073,2024-03-05,1,0,0,0
U01074,2024-03-05,0,0,0,0
U01075,2024-03-05,0,0,0,0
U01076,2024-03-05,1,1,5,1
U01077,2024-03-06,0,0,0,0
U01078,2024-03-06,1,0,0,0
U01079,2024-03-06,0,0,0,0
U01080,2024-03-06,0,0,0,0
U01081,2024-03-06,1,0,0,0
U01082,2024-03-06,0,0,0,0
U01083,2024-03-06,0,0,0,0
U01084,2024-03-06,0,0,0,0
U01085,2024-03-06,0,0,0,0
U01086,2024-03-06,0,0,0,0
U01087,2024-03-06,1,0,0,0
U01088,2024-03-06,0,0,0,0
U01089,2024-03-06,1,0,0,0
U01090,2024-03-06,0,0,0,0
U01091,2024-03-06,0,0,0,0
U01092,2024-03-06,0,0,0,0
U01093,2024-03-06,0,0,0,0
U01094,2024-03-07,1,0,0,0
U01095,2024-03-07,1,1,3,1
U01096,2024-03-07,1,0,0,0
U01097,2024-03-07,1,0,0,0
U01098,2024-03-07,0,0,0,0
U01099,2024-03-07,1,0,0,0
U01100,2024-03-07,1,0,0,0
U01101,2024-03-07,0,0,0,0
U01102,2024-03-07,0,0,0,0
U01103,2024-03-07,0,0,0,0
U01104,2024-03-07,0,0,0,0
U01105,2024-03-07,1,1,6,0
U01106,2024-03-07,1,1,2,1
U01107,2024-03-07,0,0,0,0
U01108,2024-03-07,0,0,0,0
U01109,2024-03-07,1,0,0,0
U01110,2024-03-07,0,0,0,0
U01111,2024-03-08,1,0,0,0
U01112,2024-03-08,1,1,4,1
U01113,2024-03-08,0,0,0,0
U01114,2024-03-08,0,0,0,0
U01115,2024-03-08,0,0,0,0
U01116,2024-03-08,1,0,0,0
U01117,2024-03-08,0,0,0,0
U01118,2024-03-08,1,0,0,0
U01119,2024-03-08,1,0,0,0
U01120,2024-03-08,0,0,0,0
U01121,2024-03-08,0,0,0,0
U01122,2024-03-08,0,0,0,0
U01123,2024-03-08,0,0,0,0
U01124,2024-03-08,0,0,0,0
U01125,2024-03-08,0,0,0,0
U01126,2024-03-08,1,0,0,0
U01127,2024-03-09,0,0,0,0
U01128,2024-03-09,1,1,2,1
U01129,2024-03-09,1,1,2,1
U01130,2024-03-09,0,0,0,0
U01131,2024-03-09,0,0,0,0
U01132,2024-03-09,1,0,0,0
U01133,2024-03-09,1,0,0,0
U01134,2024-03-09,0,0,0,0
U01135,2024-03-09,1,0,0,0
U01136,2024-03-09,0,0,0,0
U01137,2024-03-09,0,0,0,0
U01138,2024-03-09,0,0,0,0
U01139,2024-03-09,0,0,0,0
U01140,2024-03-09,0,0,0,0
U01141,2024-03-09,1,0,0,0
U01142,2024-03-09,0,0,0,0
U01143,2024-03-09,0,0,0,0
U01144,2024-03-10,1,0,0,0
U01145,2024-03-10,0,0,0,0
U01146,2024-03-10,0,0,0,0
U01147,2024-03-10,0,0,0,0
U01148,2024-03-10,0,0,0,0
U01149,2024-03-10,0,0,0,0
U01150,2024-03-10,0,0,0,0
U01151,2024-03-10,0,0,0,0
U01152,2024-03-10,0,0,0,0
U01153,2024-03-10,0,0,0,0
U01154,2024-03-10,0,0,0,0
U01155,2024-03-10,0,0,0,0
U01156,2024-03-10,1,0,0,0
U01157,2024-03-10,0,0,0,0
U01158,2024-03-10,0,0,0,0
U01159,2024-03-10,1,0,0,0
U01160,2024-03-11,0,0,0,0
U01161,2024-03-11,1,0,0,0
U01162,2024-03-11,1,0,0,0
U01163,2024-03-11,0,0,0,0
U01164,2024-03-11,1,1,2,0
U01165,2024-03-11,0,0,0,0
U01166,2024-03-11,0,0,0,0
U01167,2024-03-11,0,0,0,0
U01168,2024-03-11,1,0,0,0
U01169,2024-03-11,1,1,4,1
U01170,2024-03-11,0,0,0,0
U01171,2024-03-11,0,0,0,0
U01172,2024-03-11,0,0,0,0
U01173,2024-03-11,1,0,0,0
U01174,2024-03-11,0,0,0,0
U01175,2024-03-11,0,0,0,0
U01176,2024-03-11,0,0,0,0
U01177,2024-03-12,1,0,0,0
U01178,2024-03-12,0,0,0,0
U01179,2024-03-12,0,0,0,0
U01180,2024-03-12,0,0,0,0
U01181,2024-03-12,1,0,0,0
U01182,2024-03-12,0,0,0,0
U01183,2024-03-12,0,0,0,0
U01184,2024-03-12,1,0,0,0
U01185,2024-03-12,0,0,0,0
U01186,2024-03-12,0,0,0,0
U01187,2024-03-12,1,1,1,0
U01188,2024-03-12,1,1,4,1
U01189,2024-03-12,0,0,0,0
U01190,2024-03-12,1,0,0,0
U01191,2024-03-12,0,0,0,0
U01192,2024-03-12,1,1,5,0
U01193,2024-03-13,0,0,0,0
U01194,2024-03-13,1,0,0,0
U01195,2024-03-13,0,0,0,0
U01196,2024-03-13,0,0,0,0
U01197,2024-03-13,0,0,0,0
U01198,2024-03-13,0,0,0,0
U01199,2024-03-13,1,0,0,0
U01200,2024-03-13,0,0,0,0
U01201,2024-03-13,1,0,0,0
U01202,2024-03-13,1,0,0,0
U01203,2024-03-13,1,1,5,1
U01204,2024-03-13,0,0,0,0
U01205,2024-03-13,0,0,0,0
U01206,2024-03-13,0,0,0,0
U01207,2024-03-13,0,0,0,0
U01208,2024-03-13,1,0,0,0
U01209,2024-03-13,0,0,0,0
U01210,2024-03-14,0,0,0,0
U01211,2024-03-14,0,0,0,0
U01212,2024-03-14,1,0,0,0
U01213,2024-03-14,0,0,0,0
U01214,2024-03-14,0,0,0,0
U01215,2024-03-14,1,1,4,1
U01216,2024-03-14,1,0,0,0
U01217,2024-03-14,0,0,0,0
U01218,2024-03-14,0,0,0,0
U01219,2024-03-14,1,1,9,1
U01220,2024-03-14,0,0,0,0
U01221,2024-03-14,1,0,0,0
U01222,2024-03-14,0,0,0,0
U01223,2024-03-14,0,0,0,0
U01224,2024-03-14,0,0,0,0
U01225,2024-03-14,0,0,0,0
U01226,2024-03-14,1,0,0,0
U01227,2024-03-15,1,1,2,0
U01228,2024-03-15,0,0,0,0
U01229,2024-03-15,0,0,0,0
U01230,2024-03-15,0,0,0,0
U01231,2024-03-15,1,0,0,0
U01232,2024-03-15,1,0,0,0
U01233,2024-03-15,1,0,0,0
U01234,2024-03-15,0,0,0,0
U01235,2024-03-15,1,0,0,0
U01236,2024-03-15,0,0,0,0
U01237,2024-03-15,0,0,0,0
U01238,2024-03-15,0,0,0,0
U01239,2024-03-15,1,0,0,0
U01240,2024-03-15,0,0,0,0
U01241,2024-03-15,0,0,0,0
U01242,2024-03-15,0,0,0,0
U01243,2024-03-16,0,0,0,0
U01244,2024-03-16,0,0,0,0
U01245,2024-03-16,0,0,0,0
U01246,2024-03-16,1,1,5,0
U01247,2024-03-16,1,1,2,1
U01248,2024-03-16,0,0,0,0
U01249,2024-03-16,0,0,0,0
U01250,2024-03-16,0,0,0,0
U01251,2024-03-16,0,0,0,0
U01252,2024-03-16,1,1,2,0
U01253,2024-03-16,1,0,0,0
U01254,2024-03-16,0,0,0,0
U01255,2024-03-16,0,0,0,0
U01256,2024-03-16,1,0,0,0
U01257,2024-03-16,0,0,0,0
U01258,2024-03-16,1,0,0,0
U01259,2024-03-16,0,0,0,0
U01260,2024-03-17,1,0,0,0
U01261,2024-03-17,0,0,0,0
U01262,2024-03-17,1,1,5,1
U01263,2024-03-17,0,0,0,0
U01264,2024-03-17,1,0,0,0
U01265,2024-03-17,1,1,5,1
U01266,2024-03-17,1,1,10,1
U01267,2024-03-17,0,0,0,0
U01268,2024-03-17,0,0,0,0
U01269,2024-03-17,1,1,5,1
U01270,2024-03-17,0,0,0,0
U01271,2024-03-17,0,0,0,0
U01272,2024-03-17,0,0,0,0
U01273,2024-03-17,1,0,0,0
U01274,2024-03-17,0,0,0,0
U01275,2024-03-17,1,1,12,1
U01276,2024-03-18,1,1,1,1
U01277,2024-03-18,0,0,0,0
U01278,2024-03-18,1,1,2,1
U01279,2024-03-18,0,0,0,0
U01280,2024-03-18,0,0,0,0
U01281,2024-03-18,0,0,0,0
U01282,2024-03-18,0,0,0,0
U01283,2024-03-18,1,1,1,1
U01284,2024-03-18,1,0,0,0
U01285,2024-03-18,0,0,0,0
U01286,2024-03-18,1,0,0,0
U01287,2024-03-18,1,0,0,0
U01288,2024-03-18,1,0,0,0
U01289,2024-03-18,1,1,2,1
U01290,2024-03-18,1,0,0,0
U01291,2024-03-18,1,1,5,1
U01292,2024-03-18,0,0,0,0
U01293,2024-03-19,0,0,0,0
U01294,2024-03-19,0,0,0,0
U01295,2024-03-19,1,1,6,1
U01296,2024-03-19,1,1,1,1
U01297,2024-03-19,1,1,12,1
U01298,2024-03-19,0,0,0,0
U01299,2024-03-19,0,0,0,0
U01300,2024-03-19,1,1,9,1
U01301,2024-03-19,0,0,0,0
U01302,2024-03-19,1,0,0,0
U01303,2024-03-19,0,0,0,0
U01304,2024-03-19,0,0,0,0
U01305,2024-03-19,0,0,0,0
U01306,2024-03-19,0,0,0,0
U01307,2024-03-19,0,0,0,0
U01308,2024-03-19,1,0,0,0
U01309,2024-03-20,0,0,0,0
U01310,2024-03-20,1,1,3,1
U01311,2024-03-20,0,0,0,0
U01312,2024-03-20,0,0,0,0
U01313,2024-03-20,0,0,0,0
U01314,2024-03-20,0,0,0,0
U01315,2024-03-20,0,0,0,0
U01316,2024-03-20,0,0,0,0
U01317,2024-03-20,0,0,0,0
U01318,2024-03-20,1,1,2,1
U01319,2024-03-20,1,0,0,0
U01320,2024-03-20,1,1,2,1
U01321,2024-03-20,1,1,2,1
U01322,2024-03-20,0,0,0,0
U01323,2024-03-20,1,0,0,0
U01324,2024-03-20,0,0,0,0
U01325,2024-03-20,1,1,2,1
U01326,2024-03-21,1,1,5,1
U01327,2024-03-21,0,0,0,0
U01328,2024-03-21,0,0,0,0
U01329,2024-03-21,0,0,0,0
U01330,2024-03-21,0,0,0,0
U01331,2024-03-21,0,0,0,0
U01332,2024-03-21,1,0,0,0
U01333,2024-03-21,0,0,0,0
U01334,2024-03-21,0,0,0,0
U01335,2024-03-21,0,0,0,0
U01336,2024-03-21,1,1,3,1
U01337,2024-03-21,0,0,0,0
U01338,2024-03-21,1,0,0,0
U01339,2024-03-21,1,0,0,0
U01340,2024-03-21,1,1,4,0
U01341,2024-03-21,0,0,0,0
U01342,2024-03-21,0,0,0,0
U01343,2024-03-22,0,0,0,0
U01344,2024-03-22,0,0,0,0
U01345,2024-03-22,0,0,0,0
U01346,2024-03-22,1,0,0,0
U01347,2024-03-22,1,0,0,0
U01348,2024-03-22,0,0,0,0
U01349,2024-03-22,1,1,12,0
U01350,2024-03-22,0,0,0,0
U01351,2024-03-22,0,0,0,0
U01352,2024-03-22,0,0,0,0
U01353,2024-03-22,0,0,0,0
U01354,2024-03-22,0,0,0,0
U01355,2024-03-22,0,0,0,0
U01356,2024-03-22,0,0,0,0
U01357,2024-03-22,0,0,0,0
U01358,2024-03-22,1,0,0,0
U01359,2024-03-23,0,0,0,0
U01360,2024-03-23,0,0,0,0
U01361,2024-03-23,1,1,7,1
U01362,2024-03-23,0,0,0,0
U01363,2024-03-23,0,0,0,0
U01364,2024-03-23,0,0,0,0
U01365,2024-03-23,1,0,0,0
U01366,2024-03-23,0,0,0,0
U01367,2024-03-23,0,0,0,0
U01368,2024-03-23,1,1,12,1
U01369,2024-03-23,1,0,0,0
U01370,2024-03-23,0,0,0,0
U01371,2024-03-23,1,1,2,1
U01372,2024-03-23,0,0,0,0
U01373,2024-03-23,0,0,0,0
U01374,2024-03-23,1,0,0,0
U01375,2024-03-23,0,0,0,0
U01376,2024-03-24,0,0,0,0
U01377,2024-03-24,0,0,0,0
U01378,2024-03-24,1,1,4,1
U01379,2024-03-24,0,0,0,0
U01380,2024-03-24,1,0,0,0
U01381,2024-03-24,1,0,0,0
U01382,2024-03-24,0,0,0,0
U01383,2024-03-24,1,0,0,0
U01384,2024-03-24,0,0,0,0
U01385,2024-03-24,1,0,0,0
U01386,2024-03-24,0,0,0,0
U01387,2024-03-24,1,0,0,0
U01388,2024-03-24,0,0,0,0
U01389,2024-03-24,0,0,0,0
U01390,2024-03-24,1,0,0,0
U01391,2024-03-24,1,0,0,0
U01392,2024-03-25,1,1,5,0
U01393,2024-03-25,0,0,0,0
U01394,2024-03-25,1,0,0,0
U01395,2024-03-25,0,0,0,0
U01396,2024-03-25,0,0,0,0
U01397,2024-03-25,1,0,0,0
U01398,2024-03-25,0,0,0,0
U01399,2024-03-25,0,0,0,0
U01400,2024-03-25,1,0,0,0
U01401,2024-03-25,1,0,0,0
U01402,2024-03-25,1,0,0,0
U01403,2024-03-25,0,0,0,0
U01404,2024-03-25,0,0,0,0
U01405,2024-03-25,0,0,0,0
U01406,2024-03-25,0,0,0,0
U01407,2024-03-25,0,0,0,0
U01408,2024-03-25,0,0,0,0
U01409,2024-03-26,0,0,0,0
U01410,2024-03-26,1,1,2,1
U01411,2024-03-26,1,0,0,0
U01412,2024-03-26,1,0,0,0
U01413,2024-03-26,1,0,0,0
U01414,2024-03-26,0,0,0,0
U01415,2024-03-26,0,0,0,0
U01416,2024-03-26,1,0,0,0
U01417,2024-03-26,1,0,0,0
U01418,2024-03-26,0,0,0,0
U01419,2024-03-26,0,0,0,0
U01420,2024-03-26,1,0,0,0
U01421,2024-03-26,0,0,0,0
U01422,2024-03-26,1,0,0,0
U01423,2024-03-26,1,0,0,0
U01424,2024-03-26,0,0,0,0
U01425,2024-03-27,0,0,0,0
U01426,2024-03-27,1,1,1,1
U01427,2024-03-27,0,0,0,0
U01428,2024-03-27,0,0,0,0
U01429,2024-03-27,0,0,0,0
U01430,2024-03-27,0,0,0,0
U01431,2024-03-27,0,0,0,0
U01432,2024-03-27,0,0,0,0
U01433,2024-03-27,0,0,0,0
U01434,2024-03-27,1,0,0,0
U01435,2024-03-27,1,0,0,0
U01436,2024-03-27,1,1,6,1
U01437,2024-03-27,0,0,0,0
U01438,2024-03-27,1,1,6,0
U01439,2024-03-27,0,0,0,0
U01440,2024-03-27,0,0,0,0
U01441,2024-03-27,1,0,0,0
U01442,2024-03-28,0,0,0,0
U01443,2024-03-28,0,0,0,0
U01444,2024-03-28,0,0,0,0
U01445,2024-03-28,1,1,4,1
U01446,2024-03-28,0,0,0,0
U01447,2024-03-28,0,0,0,0
U01448,2024-03-28,0,0,0,0
U01449,2024-03-28,0,0,0,0
U01450,2024-03-28,0,0,0,0
U01451,2024-03-28,0,0,0,0
U01452,2024-03-28,0,0,0,0
U01453,2024-03-28,0,0,0,0
U01454,2024-03-28,1,0,0,0
U01455,2024-03-28,0,0,0,0
U01456,2024-03-28,0,0,0,0
U01457,2024-03-28,0,0,0,0
U01458,2024-03-28,1,0,0,0
U01459,2024-03-29,0,0,0,0
U01460,2024-03-29,1,0,0,0
U01461,2024-03-29,0,0,0,0
U01462,2024-03-29,1,0,0,0
U01463,2024-03-29,0,0,0,0
U01464,2024-03-29,0,0,0,0
U01465,2024-03-29,1,1,5,1
U01466,2024-03-29,0,0,0,0
U01467,2024-03-29,0,0,0,0
U01468,2024-03-29,0,0,0,0
U01469,2024-03-29,0,0,0,0
U01470,2024-03-29,0,0,0,0
U01471,2024-03-29,0,0,0,0
U01472,2024-03-29,0,0,0,0
U01473,2024-03-29,0,0,0,0
U01474,2024-03-29,1,0,0,0
U01475,2024-03-30,0,0,0,0
U01476,2024-03-30,0,0,0,0
U01477,2024-03-30,0,0,0,0
U01478,2024-03-30,0,0,0,0
U01479,2024-03-30,0,0,0,0
U01480,2024-03-30,0,0,0,0
U01481,2024-03-30,1,0,0,0
U01482,2024-03-30,0,0,0,0
U01483,2024-03-30,1,0,0,0
U01484,2024-03-30,1,1,4,1
U01485,2024-03-30,1,0,0,0
U01486,2024-03-30,1,1,1,1
U01487,2024-03-30,0,0,0,0
U01488,2024-03-30,1,1,3,1
U01489,2024-03-30,0,0,0,0
U01490,2024-03-30,1,1,2,1
U01491,2024-03-30,1,1,2,0
U01492,2024-03-31,1,0,0,0
U01493,2024-03-31,1,1,12,0
U01494,2024-03-31,0,0,0,0
U01495,2024-03-31,0,0,0,0
U01496,2024-03-31,0,0,0,0
U01497,2024-03-31,0,0,0,0
U01498,2024-03-31,1,0,0,0
U01499,2024-03-31,0,0,0,0
U01500,2024-03-31,0,0,0,0
U01501,2024-03-31,0,0,0,0
U01502,2024-03-31,1,0,0,0
U01503,2024-03-31,1,0,0,0
U01504,2024-03-31,1,1,6,0
U01505,2024-03-31,1,0,0,0
U01506,2024-03-31,0,0,0,0
U01507,2024-03-31,0,0,0,0
U01508,2024-04-01,0,0,0,0
U01509,2024-04-01,0,0,0,0
U01510,2024-04-01,0,0,0,0
U01511,2024-04-01,0,0,0,0
U01512,2024-04-01,0,0,0,0
U01513,2024-04-01,1,0,0,0
U01514,2024-04-01,1,0,0,0
U01515,2024-04-01,1,1,7,1
U01516,2024-04-01,0,0,0,0
U01517,2024-04-01,0,0,0,0
U01518,2024-04-01,1,0,0,0
U01519,2024-04-01,0,0,0,0
U01520,2024-04-01,1,0,0,0
U01521,2024-04-01,0,0,0,0
U01522,2024-04-01,1,0,0,0
U01523,2024-04-01,1,1,3,1
U01524,2024-04-01,0,0,0,0
U01525,2024-04-02,1,0,0,0
U01526,2024-04-02,1,1,4,1
U01527,2024-04-02,1,1,3,1
U01528,2024-04-02,0,0,0,0
U01529,2024-04-02,0,0,0,0
U01530,2024-04-02,1,0,0,0
U01531,2024-04-02,0,0,0,0
U01532,2024-04-02,0,0,0,0
U01533,2024-04-02,1,1,2,1
U01534,2024-04-02,0,0,0,0
U01535,2024-04-02,1,1,2,1
U01536,2024-04-02,1,1,8,1
U01537,2024-04-02,0,0,0,0
U01538,2024-04-02,1,0,0,0
U01539,2024-04-02,0,0,0,0
U01540,2024-04-02,0,0,0,0
U01541,2024-04-03,1,0,0,0
U01542,2024-04-03,0,0,0,0
U01543,2024-04-03,1,0,0,0
U01544,2024-04-03,0,0,0,0
U01545,2024-04-03,0,0,0,0
U01546,2024-04-03,0,0,0,0
U01547,2024-04-03,0,0,0,0
U01548,2024-04-03,1,0,0,0
U01549,2024-04-03,0,0,0,0
U01550,2024-04-03,0,0,0,0
U01551,2024-04-03,0,0,0,0
U01552,2024-04-03,0,0,0,0
U01553,2024-04-03,0,0,0,0
U01554,2024-04-03,1,1,7,1
U01555,2024-04-03,1,0,0,0
U01556,2024-04-03,0,0,0,0
U01557,2024-04-03,0,0,0,0
U01558,2024-04-04,0,0,0,0
U01559,2024-04-04,0,0,0,0
U01560,2024-04-04,1,0,0,0
U01561,2024-04-04,1,1,5,1
U01562,2024-04-04,0,0,0,0
U01563,2024-04-04,1,0,0,0
U01564,2024-04-04,0,0,0,0
U01565,2024-04-04,0,0,0,0
U01566,2024-04-04,0,0,0,0
U01567,2024-04-04,1,0,0,0
U01568,2024-04-04,0,0,0,0
U01569,2024-04-04,0,0,0,0
U01570,2024-04-04,0,0,0,0
U01571,2024-04-04,1,1,4,1
U01572,2024-04-04,0,0,0,0
U01573,2024-04-04,0,0,0,0
U01574,2024-04-04,1,1,12,1
U01575,2024-04-05,1,1,2,1
U01576,2024-04-05,1,1,3,1
U01577,2024-04-05,0,0,0,0
U01578,2024-04-05,0,0,0,0
U01579,2024-04-05,0,0,0,0
U01580,2024-04-05,1,0,0,0
U01581,2024-04-05,1,0,0,0
U01582,2024-04-05,0,0,0,0
U01583,2024-04-05,0,0,0,0
U01584,2024-04-05,0,0,0,0
U01585,2024-04-05,1,0,0,0
U01586,2024-04-05,0,0,0,0
U01587,2024-04-05,0,0,0,0
U01588,2024-04-05,0,0,0,0
U01589,2024-04-05,0,0,0,0
U01590,2024-04-05,0,0,0,0
U01591,2024-04-06,0,0,0,0
U01592,2024-04-06,1,0,0,0
U01593,2024-04-06,1,1,3,1
U01594,2024-04-06,0,0,0,0
U01595,2024-04-06,0,0,0,0
U01596,2024-04-06,1,0,0,0
U01597,2024-04-06,1,0,0,0
U01598,2024-04-06,1,0,0,0
U01599,2024-04-06,0,0,0,0
U01600,2024-04-06,1,0,0,0
U01601,2024-04-06,1,0,0,0
U01602,2024-04-06,1,0,0,0
U01603,2024-04-06,1,0,0,0
U01604,2024-04-06,1,1,8,1
U01605,2024-04-06,0,0,0,0
U01606,2024-04-06,1,1,12,1
U01607,2024-04-06,0,0,0,0
U01608,2024-04-07,1,1,3,1
U01609,2024-04-07,0,0,0,0
U01610,2024-04-07,0,0,0,0
U01611,2024-04-07,0,0,0,0
U01612,2024-04-07,0,0,0,0
U01613,2024-04-07,1,1,10,1
U01614,2024-04-07,1,0,0,0
U01615,2024-04-07,0,0,0,0
U01616,2024-04-07,0,0,0,0
U01617,2024-04-07,0,0,0,0
U01618,2024-04-07,0,0,0,0
U01619,2024-04-07,0,0,0,0
U01620,2024-04-07,0,0,0,0
U01621,2024-04-07,1,0,0,0
U01622,2024-04-07,0,0,0,0
U01623,2024-04-07,0,0,0,0
U01624,2024-04-08,1,0,0,0
U01625,2024-04-08,0,0,0,0
U01626,2024-04-08,1,0,0,0
U01627,2024-04-08,0,0,0,0
U01628,2024-04-08,1,0,0,0
U01629,2024-04-08,0,0,0,0
U01630,2024-04-08,0,0,0,0
U01631,2024-04-08,1,1,9,1
U01632,2024-04-08,0,0,0,0
U01633,2024-04-08,0,0,0,0
U01634,2024-04-08,0,0,0,0
U01635,2024-04-08,1,1,3,1
U01636,2024-04-08,1,0,0,0
U01637,2024-04-08,1,0,0,0
U01638,2024-04-08,0,0,0,0
U01639,2024-04-08,0,0,0,0
U01640,2024-04-08,0,0,0,0
U01641,2024-04-09,0,0,0,0
U01642,2024-04-09,0,0,0,0
U01643,2024-04-09,0,0,0,0
U01644,2024-04-09,1,0,0,0
U01645,2024-04-09,0,0,0,0
U01646,2024-04-09,1,1,4,1
U01647,2024-04-09,0,0,0,0
U01648,2024-04-09,0,0,0,0
U01649,2024-04-09,0,0,0,0
U01650,2024-04-09,1,1,4,1
U01651,2024-04-09,1,0,0,0
U01652,2024-04-09,1,1,12,1
U01653,2024-04-09,1,1,2,1
U01654,2024-04-09,1,0,0,0
U01655,2024-04-09,0,0,0,0
U01656,2024-04-09,0,0,0,0
U01657,2024-04-10,1,1,8,1
U01658,2024-04-10,1,0,0,0
U01659,2024-04-10,0,0,0,0
U01660,2024-04-10,0,0,0,0
U01661,2024-04-10,0,0,0,0
U01662,2024-04-10,0,0,0,0
U01663,2024-04-10,0,0,0,0
U01664,2024-04-10,0,0,0,0
U01665,2024-04-10,0,0,0,0
U01666,2024-04-10,1,1,3,0
U01667,2024-04-10,0,0,0,0
U01668,2024-04-10,1,1,7,1
U01669,2024-04-10,0,0,0,0
U01670,2024-04-10,1,0,0,0
U01671,2024-04-10,0,0,0,0
U01672,2024-04-10,0,0,0,0
U01673,2024-04-10,0,0,0,0
U01674,2024-04-11,0,0,0,0
U01675,2024-04-11,1,0,0,0
U01676,2024-04-11,1,0,0,0
U01677,2024-04-11,0,0,0,0
U01678,2024-04-11,1,0,0,0
U01679,2024-04-11,0,0,0,0
U01680,2024-04-11,1,1,4,1
U01681,2024-04-11,0,0,0,0
U01682,2024-04-11,0,0,0,0
U01683,2024-04-11,0,0,0,0
U01684,2024-04-11,1,0,0,0
U01685,2024-04-11,0,0,0,0
U01686,2024-04-11,0,0,0,0
U01687,2024-04-11,0,0,0,0
U01688,2024-04-11,0,0,0,0
U01689,2024-04-11,0,0,0,0
U01690,2024-04-11,1,1,5,1
U01691,2024-04-12,0,0,0,0
U01692,2024-04-12,1,0,0,0
U01693,2024-04-12,1,0,0,0
U01694,2024-04-12,1,0,0,0
U01695,2024-04-12,1,0,0,0
U01696,2024-04-12,1,1,9,1
U01697,2024-04-12,1,1,9,1
U01698,2024-04-12,0,0,0,0
U01699,2024-04-12,0,0,0,0
U01700,2024-04-12,0,0,0,0
U01701,2024-04-12,0,0,0,0
U01702,2024-04-12,1,0,0,0
U01703,2024-04-12,0,0,0,0
U01704,2024-04-12,0,0,0,0
U01705,2024-04-12,1,0,0,0
U01706,2024-04-12,0,0,0,0
U01707,2024-04-13,1,0,0,0
U01708,2024-04-13,0,0,0,0
U01709,2024-04-13,0,0,0,0
U01710,2024-04-13,1,1,10,1
U01711,2024-04-13,1,1,1,1
U01712,2024-04-13,0,0,0,0
U01713,2024-04-13,0,0,0,0
U01714,2024-04-13,1,1,7,1
U01715,2024-04-13,0,0,0,0
U01716,2024-04-13,1,0,0,0
U01717,2024-04-13,0,0,0,0
U01718,2024-04-13,0,0,0,0
U01719,2024-04-13,1,0,0,0
U01720,2024-04-13,1,0,0,0
U01721,2024-04-13,1,1,2,1
U01722,2024-04-13,1,0,0,0
U01723,2024-04-13,1,0,0,0
U01724,2024-04-14,0,0,0,0
U01725,2024-04-14,1,1,4,1
U01726,2024-04-14,0,0,0,0
U01727,2024-04-14,0,0,0,0
U01728,2024-04-14,0,0,0,0
U01729,2024-04-14,0,0,0,0
U01730,2024-04-14,1,0,0,0
U01731,2024-04-14,0,0,0,0
U01732,2024-04-14,0,0,0,0
U01733,2024-04-14,0,0,0,0
U01734,2024-04-14,1,0,0,0
U01735,2024-04-14,0,0,0,0
U01736,2024-04-14,0,0,0,0
U01737,2024-04-14,1,0,0,0
U01738,2024-04-14,1,0,0,0
U01739,2024-04-14,0,0,0,0
U01740,2024-04-15,0,0,0,0
U01741,2024-04-15,0,0,0,0
U01742,2024-04-15,0,0,0,0
U01743,2024-04-15,1,1,5,1
U01744,2024-04-15,0,0,0,0
U01745,2024-04-15,0,0,0,0
U01746,2024-04-15,1,1,4,1
U01747,2024-04-15,1,0,0,0
U01748,2024-04-15,0,0,0,0
U01749,2024-04-15,1,1,5,1
U01750,2024-04-15,0,0,0,0
U01751,2024-04-15,1,0,0,0
U01752,2024-04-15,1,0,0,0
U01753,2024-04-15,1,0,0,0
U01754,2024-04-15,0,0,0,0
U01755,2024-04-15,0,0,0,0
U01756,2024-04-15,0,0,0,0
U01757,2024-04-16,0,0,0,0
U01758,2024-04-16,1,0,0,0
U01759,2024-04-16,0,0,0,0
U01760,2024-04-16,0,0,0,0
U01761,2024-04-16,0,0,0,0
U01762,2024-04-16,1,1,12,0
U01763,2024-04-16,0,0,0,0
U01764,2024-04-16,1,1,2,1
U01765,2024-04-16,1,1,7,1
U01766,2024-04-16,0,0,0,0
U01767,2024-04-16,0,0,0,0
U01768,2024-04-16,1,0,0,0
U01769,2024-04-16,1,1,4,1
U01770,2024-04-16,0,0,0,0
U01771,2024-04-16,0,0,0,0
U01772,2024-04-16,0,0,0,0
U01773,2024-04-17,0,0,0,0
U01774,2024-04-17,0,0,0,0
U01775,2024-04-17,1,1,2,1
U01776,2024-04-17,0,0,0,0
U01777,2024-04-17,0,0,0,0
U01778,2024-04-17,1,0,0,0
U01779,2024-04-17,0,0,0,0
U01780,2024-04-17,1,0,0,0
U01781,2024-04-17,0,0,0,0
U01782,2024-04-17,0,0,0,0
U01783,2024-04-17,0,0,0,0
U01784,2024-04-17,0,0,0,0
U01785,2024-04-17,0,0,0,0
U01786,2024-04-17,0,0,0,0
U01787,2024-04-17,0,0,0,0
U01788,2024-04-17,1,1,2,0
U01789,2024-04-17,0,0,0,0
U01790,2024-04-18,1,0,0,0
U01791,2024-04-18,0,0,0,0
U01792,2024-04-18,0,0,0,0
U01793,2024-04-18,0,0,0,0
U01794,2024-04-18,1,0,0,0
U01795,2024-04-18,1,1,12,1
U01796,2024-04-18,0,0,0,0
U01797,2024-04-18,1,1,10,0
U01798,2024-04-18,1,1,11,1
U01799,2024-04-18,1,0,0,0
U01800,2024-04-18,0,0,0,0
U01801,2024-04-18,0,0,0,0
U01802,2024-04-18,1,1,12,1
U01803,2024-04-18,1,0,0,0
U01804,2024-04-18,1,0,0,0
U01805,2024-04-18,0,0,0,0
U01806,2024-04-18,0,0,0,0
U01807,2024-04-19,1,0,0,0
U01808,2024-04-19,1,1,2,1
U01809,2024-04-19,1,0,0,0
U01810,2024-04-19,0,0,0,0
U01811,2024-04-19,0,0,0,0
U01812,2024-04-19,1,0,0,0
U01813,2024-04-19,1,0,0,0
U01814,2024-04-19,1,0,0,0
U01815,2024-04-19,0,0,0,0
U01816,2024-04-19,1,0,0,0
U01817,2024-04-19,0,0,0,0
U01818,2024-04-19,0,0,0,0
U01819,2024-04-19,1,0,0,0
U01820,2024-04-19,1,0,0,0
U01821,2024-04-19,1,0,0,0
U01822,2024-04-19,0,0,0,0
U01823,2024-04-20,0,0,0,0
U01824,2024-04-20,0,0,0,0
U01825,2024-04-20,0,0,0,0
U01826,2024-04-20,1,1,4,0
U01827,2024-04-20,0,0,0,0
U01828,2024-04-20,0,0,0,0
U01829,2024-04-20,1,1,6,1
U01830,2024-04-20,0,0,0,0
U01831,2024-04-20,0,0,0,0
U01832,2024-04-20,0,0,0,0
U01833,2024-04-20,0,0,0,0
U01834,2024-04-20,0,0,0,0
U01835,2024-04-20,0,0,0,0
U01836,2024-04-20,1,1,5,1
U01837,2024-04-20,1,0,0,0
U01838,2024-04-20,0,0,0,0
U01839,2024-04-20,1,0,0,0
U01840,2024-04-21,1,0,0,0
U01841,2024-04-21,0,0,0,0
U01842,2024-04-21,0,0,0,0
U01843,2024-04-21,0,0,0,0
U01844,2024-04-21,0,0,0,0
U01845,2024-04-21,1,0,0,0
U01846,2024-04-21,1,0,0,0
U01847,2024-04-21,1,0,0,0
U01848,2024-04-21,0,0,0,0
U01849,2024-04-21,0,0,0,0
U01850,2024-04-21,1,1,4,1
U01851,2024-04-21,0,0,0,0
U01852,2024-04-21,0,0,0,0
U01853,2024-04-21,0,0,0,0
U01854,2024-04-21,0,0,0,0
U01855,2024-04-21,1,0,0,0
U01856,2024-04-22,0,0,0,0
U01857,2024-04-22,0,0,0,0
U01858,2024-04-22,0,0,0,0
U01859,2024-04-22,0,0,0,0
U01860,2024-04-22,0,0,0,0
U01861,2024-04-22,0,0,0,0
U01862,2024-04-22,1,1,4,1
U01863,2024-04-22,0,0,0,0
U01864,2024-04-22,0,0,0,0
U01865,2024-04-22,0,0,0,0
U01866,2024-04-22,1,1,6,0
U01867,2024-04-22,1,1,5,1
U01868,2024-04-22,1,1,2,1
U01869,2024-04-22,0,0,0,0
U01870,2024-04-22,0,0,0,0
U01871,2024-04-22,1,0,0,0
U01872,2024-04-22,0,0,0,0
U01873,2024-04-23,0,0,0,0
U01874,2024-04-23,0,0,0,0
U01875,2024-04-23,0,0,0,0
U01876,2024-04-23,0,0,0,0
U01877,2024-04-23,0,0,0,0
U01878,2024-04-23,1,0,0,0
U01879,2024-04-23,0,0,0,0
U01880,2024-04-23,0,0,0,0
U01881,2024-04-23,0,0,0,0
U01882,2024-04-23,0,0,0,0
U01883,2024-04-23,0,0,0,0
U01884,2024-04-23,1,1,4,1
U01885,2024-04-23,0,0,0,0
U01886,2024-04-23,1,0,0,0
U01887,2024-04-23,1,0,0,0
U01888,2024-04-23,0,0,0,0
U01889,2024-04-24,0,0,0,0
U01890,2024-04-24,1,1,5,1
U01891,2024-04-24,0,0,0,0
U01892,2024-04-24,0,0,0,0
U01893,2024-04-24,1,0,0,0
U01894,2024-04-24,0,0,0,0
U01895,2024-04-24,0,0,0,0
U01896,2024-04-24,0,0,0,0
U01897,2024-04-24,1,1,5,0
U01898,2024-04-24,1,0,0,0
U01899,2024-04-24,0,0,0,0
U01900,2024-04-24,0,0,0,0
U01901,2024-04-24,1,0,0,0
U01902,2024-04-24,0,0,0,0
U01903,2024-04-24,1,1,3,1
U01904,2024-04-24,0,0,0,0
U01905,2024-04-24,1,1,7,1
U01906,2024-04-25,0,0,0,0
U01907,2024-04-25,1,0,0,0
U01908,2024-04-25,1,0,0,0
U01909,2024-04-25,1,1,1,0
U01910,2024-04-25,1,0,0,0
U01911,2024-04-25,0,0,0,0
U01912,2024-04-25,0,0,0,0
U01913,2024-04-25,1,0,0,0
U01914,2024-04-25,0,0,0,0
U01915,2024-04-25,0,0,0,0
U01916,2024-04-25,0,0,0,0
U01917,2024-04-25,0,0,0,0
U01918,2024-04-25,1,0,0,0
U01919,2024-04-25,0,0,0,0
U01920,2024-04-25,0,0,0,0
U01921,2024-04-25,1,0,0,0
U01922,2024-04-25,0,0,0,0
U01923,2024-04-26,1,0,0,0
U01924,2024-04-26,0,0,0,0
U01925,2024-04-26,1,0,0,0
U01926,2024-04-26,0,0,0,0
U01927,2024-04-26,0,0,0,0
U01928,2024-04-26,0,0,0,0
U01929,2024-04-26,1,0,0,0
U01930,2024-04-26,0,0,0,0
U01931,2024-04-26,0,0,0,0
U01932,2024-04-26,0,0,0,0
U01933,2024-04-26,0,0,0,0
U01934,2024-04-26,0,0,0,0
U01935,2024-04-26,0,0,0,0
U01936,2024-04-26,1,0,0,0
U01937,2024-04-26,0,0,0,0
U01938,2024-04-26,0,0,0,0
U01939,2024-04-27,1,1,4,1
U01940,2024-04-27,1,1,8,1
U01941,2024-04-27,1,0,0,0
U01942,2024-04-27,0,0,0,0
U01943,2024-04-27,0,0,0,0
U01944,2024-04-27,0,0,0,0
U01945,2024-04-27,0,0,0,0
U01946,2024-04-27,0,0,0,0
U01947,2024-04-27,1,0,0,0
U01948,2024-04-27,1,1,5,1
U01949,2024-04-27,0,0,0,0
U01950,2024-04-27,1,0,0,0
U01951,2024-04-27,1,0,0,0
U01952,2024-04-27,0,0,0,0
U01953,2024-04-27,0,0,0,0
U01954,2024-04-27,0,0,0,0
U01955,2024-04-27,0,0,0,0
U01956,2024-04-28,0,0,0,0
U01957,2024-04-28,0,0,0,0
U01958,2024-04-28,0,0,0,0
U01959,2024-04-28,0,0,0,0
U01960,2024-04-28,1,1,3,1
U01961,2024-04-28,0,0,0,0
U01962,2024-04-28,0,0,0,0
U01963,2024-04-28,1,0,0,0
U01964,2024-04-28,0,0,0,0
U01965,2024-04-28,0,0,0,0
U01966,2024-04-28,1,1,7,1
U01967,2024-04-28,1,1,5,0
U01968,2024-04-28,1,0,0,0
U01969,2024-04-28,1,0,0,0
U01970,2024-04-28,1,1,8,1
U01971,2024-04-28,0,0,0,0
U01972,2024-04-29,1,0,0,0
U01973,2024-04-29,0,0,0,0
U01974,2024-04-29,1,0,0,0
U01975,2024-04-29,0,0,0,0
U01976,2024-04-29,1,1,7,1
U01977,2024-04-29,0,0,0,0
U01978,2024-04-29,0,0,0,0
U01979,2024-04-29,0,0,0,0
U01980,2024-04-29,1,1,6,0
U01981,2024-04-29,0,0,0,0
U01982,2024-04-29,0,0,0,0
U01983,2024-04-29,0,0,0,0
U01984,2024-04-29,1,0,0,0
U01985,2024-04-29,1,1,5,1
U01986,2024-04-29,0,0,0,0
U01987,2024-04-29,0,0,0,0
U01988,2024-04-29,0,0,0,0
U01989,2024-04-30,0,0,0,0
U01990,2024-04-30,0,0,0,0
U01991,2024-04-30,1,0,0,0
U01992,2024-04-30,0,0,0,0
U01993,2024-04-30,1,0,0,0
U01994,2024-04-30,0,0,0,0
U01995,2024-04-30,0,0,0,0
U01996,2024-04-30,0,0,0,0
U01997,2024-04-30,1,0,0,0
U01998,2024-04-30,1,1,2,1
U01999,2024-04-30,1,0,0,0
U02000,2024-04-30,1,0,0,0
U02001,2024-04-30,1,1,3,1
U02002,2024-04-30,0,0,0,0
U02003,2024-04-30,1,1,4,0
U02004,2024-04-30,1,1,6,1
U02005,2024-05-01,0,0,0,0
U02006,2024-05-01,0,0,0,0
U02007,2024-05-01,0,0,0,0
U02008,2024-05-01,1,0,0,0
U02009,2024-05-01,0,0,0,0
U02010,2024-05-01,1,0,0,0
U02011,2024-05-01,1,1,5,1
U02012,2024-05-01,0,0,0,0
U02013,2024-05-01,1,0,0,0
U02014,2024-05-01,0,0,0,0
U02015,2024-05-01,0,0,0,0
U02016,2024-05-01,1,1,3,1
U02017,2024-05-01,0,0,0,0
U02018,2024-05-01,1,0,0,0
U02019,2024-05-01,0,0,0,0
U02020,2024-05-01,0,0,0,0
U02021,2024-05-01,0,0,0,0
U02022,2024-05-02,0,0,0,0
U02023,2024-05-02,1,0,0,0
U02024,2024-05-02,0,0,0,0
U02025,2024-05-02,1,0,0,0
U02026,2024-05-02,0,0,0,0
U02027,2024-05-02,0,0,0,0
U02028,2024-05-02,1,0,0,0
U02029,2024-05-02,0,0,0,0
U02030,2024-05-02,1,0,0,0
U02031,2024-05-02,0,0,0,0
U02032,2024-05-02,0,0,0,0
U02033,2024-05-02,0,0,0,0
U02034,2024-05-02,0,0,0,0
U02035,2024-05-02,1,0,0,0
U02036,2024-05-02,1,0,0,0
U02037,2024-05-02,1,0,0,0
U02038,2024-05-03,1,1,1,1
U02039,2024-05-03,1,1,5,1
U02040,2024-05-03,0,0,0,0
U02041,2024-05-03,0,0,0,0
U02042,2024-05-03,0,0,0,0
U02043,2024-05-03,1,1,3,1
U02044,2024-05-03,0,0,0,0
U02045,2024-05-03,0,0,0,0
U02046,2024-05-03,1,0,0,0
U02047,2024-05-03,0,0,0,0
U02048,2024-05-03,0,0,0,0
U02049,2024-05-03,1,0,0,0
U02050,2024-05-03,0,0,0,0
U02051,2024-05-03,0,0,0,0
U02052,2024-05-03,1,0,0,0
U02053,2024-05-03,0,0,0,0
U02054,2024-05-03,0,0,0,0
U02055,2024-05-04,0,0,0,0
U02056,2024-05-04,0,0,0,0
U02057,2024-05-04,0,0,0,0
U02058,2024-05-04,0,0,0,0
U02059,2024-05-04,0,0,0,0
U02060,2024-05-04,1,1,7,1
U02061,2024-05-04,0,0,0,0
U02062,2024-05-04,0,0,0,0
U02063,2024-05-04,0,0,0,0
U02064,2024-05-04,1,0,0,0
U02065,2024-05-04,0,0,0,0
U02066,2024-05-04,1,0,0,0
U02067,2024-05-04,1,0,0,0
U02068,2024-05-04,1,0,0,0
U02069,2024-05-04,1,0,0,0
U02070,2024-05-04,0,0,0,0
U02071,2024-05-04,0,0,0,0
U02072,2024-05-05,1,1,1,1
U02073,2024-05-05,0,0,0,0
U02074,2024-05-05,0,0,0,0
U02075,2024-05-05,0,0,0,0
U02076,2024-05-05,1,0,0,0
U02077,2024-05-05,0,0,0,0
U02078,2024-05-05,0,0,0,0
U02079,2024-05-05,0,0,0,0
U02080,2024-05-05,1,1,5,0
U02081,2024-05-05,1,0,0,0
U02082,2024-05-05,0,0,0,0
U02083,2024-05-05,0,0,0,0
U02084,2024-05-05,0,0,0,0
U02085,2024-05-05,0,0,0,0
U02086,2024-05-05,1,0,0,0
U02087,2024-05-05,0,0,0,0
U02088,2024-05-06,0,0,0,0
U02089,2024-05-06,1,0,0,0
U02090,2024-05-06,0,0,0,0
U02091,2024-05-06,0,0,0,0
U02092,2024-05-06,1,1,12,1
U02093,2024-05-06,0,0,0,0
U02094,2024-05-06,1,0,0,0
U02095,2024-05-06,0,0,0,0
U02096,2024-05-06,0,0,0,0
U02097,2024-05-06,0,0,0,0
U02098,2024-05-06,0,0,0,0
U02099,2024-05-06,1,0,0,0
U02100,2024-05-06,0,0,0,0
U02101,2024-05-06,0,0,0,0
U02102,2024-05-06,1,1,2,1
U02103,2024-05-06,0,0,0,0
U02104,2024-05-06,0,0,0,0
U02105,2024-05-07,1,0,0,0
U02106,2024-05-07,0,0,0,0
U02107,2024-05-07,0,0,0,0
U02108,2024-05-07,1,0,0,0
U02109,2024-05-07,0,0,0,0
U02110,2024-05-07,1,0,0,0
U02111,2024-05-07,1,0,0,0
U02112,2024-05-07,1,1,4,1
U02113,2024-05-07,0,0,0,0
U02114,2024-05-07,0,0,0,0
U02115,2024-05-07,1,0,0,0
U02116,2024-05-07,0,0,0,0
U02117,2024-05-07,0,0,0,0
U02118,2024-05-07,1,1,2,1
U02119,2024-05-07,0,0,0,0
U02120,2024-05-07,0,0,0,0
U02121,2024-05-08,0,0,0,0
U02122,2024-05-08,0,0,0,0
U02123,2024-05-08,0,0,0,0
U02124,2024-05-08,0,0,0,0
U02125,2024-05-08,0,0,0,0
U02126,2024-05-08,0,0,0,0
U02127,2024-05-08,1,0,0,0
U02128,2024-05-08,0,0,0,0
U02129,2024-05-08,0,0,0,0
U02130,2024-05-08,1,0,0,0
U02131,2024-05-08,1,0,0,0
U02132,2024-05-08,0,0,0,0
U02133,2024-05-08,0,0,0,0
U02134,2024-05-08,0,0,0,0
U02135,2024-05-08,0,0,0,0
U02136,2024-05-08,1,1,6,1
U02137,2024-05-08,0,0,0,0
U02138,2024-05-09,1,0,0,0
U02139,2024-05-09,0,0,0,0
U02140,2024-05-09,0,0,0,0
U02141,2024-05-09,0,0,0,0
U02142,2024-05-09,0,0,0,0
U02143,2024-05-09,1,0,0,0
U02144,2024-05-09,0,0,0,0
U02145,2024-05-09,0,0,0,0
U02146,2024-05-09,0,0,0,0
U02147,2024-05-09,1,0,0,0
U02148,2024-05-09,0,0,0,0
U02149,2024-05-09,0,0,0,0
U02150,2024-05-09,1,0,0,0
U02151,2024-05-09,1,0,0,0
U02152,2024-05-09,0,0,0,0
U02153,2024-05-09,0,0,0,0
U02154,2024-05-10,1,0,0,0
U02155,2024-05-10,1,0,0,0
U02156,2024-05-10,1,1,5,1
U02157,2024-05-10,1,1,4,1
U02158,2024-05-10,0,0,0,0
U02159,2024-05-10,0,0,0,0
U02160,2024-05-10,0,0,0,0
U02161,2024-05-10,0,0,0,0
U02162,2024-05-10,1,0,0,0
U02163,2024-05-10,0,0,0,0
U02164,2024-05-10,0,0,0,0
U02165,2024-05-10,0,0,0,0
U02166,2024-05-10,0,0,0,0
U02167,2024-05-10,1,0,0,0
U02168,2024-05-10,0,0,0,0
U02169,2024-05-10,1,0,0,0
U02170,2024-05-10,0,0,0,0
U02171,2024-05-11,1,0,0,0
U02172,2024-05-11,1,1,5,1
U02173,2024-05-11,0,0,0,0
U02174,2024-05-11,1,0,0,0
U02175,2024-05-11,0,0,0,0
U02176,2024-05-11,1,1,11,1
U02177,2024-05-11,0,0,0,0
U02178,2024-05-11,0,0,0,0
U02179,2024-05-11,0,0,0,0
U02180,2024-05-11,1,1,2,1
U02181,2024-05-11,1,0,0,0
U02182,2024-05-11,1,1,1,1
U02183,2024-05-11,1,0,0,0
U02184,2024-05-11,0,0,0,0
U02185,2024-05-11,0,0,0,0
U02186,2024-05-11,0,0,0,0
U02187,2024-05-11,0,0,0,0
U02188,2024-05-12,0,0,0,0
U02189,2024-05-12,0,0,0,0
U02190,2024-05-12,1,1,10,1
U02191,2024-05-12,0,0,0,0
U02192,2024-05-12,0,0,0,0
U02193,2024-05-12,0,0,0,0
U02194,2024-05-12,1,0,0,0
U02195,2024-05-12,0,0,0,0
U02196,2024-05-12,0,0,0,0
U02197,2024-05-12,0,0,0,0
U02198,2024-05-12,0,0,0,0
U02199,2024-05-12,1,0,0,0
U02200,2024-05-12,0,0,0,0
U02201,2024-05-12,1,1,5,1
U02202,2024-05-12,0,0,0,0
U02203,2024-05-12,1,0,0,0
U02204,2024-05-13,0,0,0,0
U02205,2024-05-13,0,0,0,0
U02206,2024-05-13,1,0,0,0
U02207,2024-05-13,0,0,0,0
U02208,2024-05-13,1,0,0,0
U02209,2024-05-13,0,0,0,0
U02210,2024-05-13,0,0,0,0
U02211,2024-05-13,0,0,0,0
U02212,2024-05-13,1,1,11,1
U02213,2024-05-13,0,0,0,0
U02214,2024-05-13,0,0,0,0
U02215,2024-05-13,1,0,0,0
U02216,2024-05-13,0,0,0,0
U02217,2024-05-13,1,0,0,0
U02218,2024-05-13,0,0,0,0
U02219,2024-05-13,1,0,0,0
U02220,2024-05-13,0,0,0,0
U02221,2024-05-14,0,0,0,0
U02222,2024-05-14,1,0,0,0
U02223,2024-05-14,1,0,0,0
U02224,2024-05-14,1,0,0,0
U02225,2024-05-14,0,0,0,0
U02226,2024-05-14,1,0,0,0
U02227,2024-05-14,0,0,0,0
U02228,2024-05-14,1,0,0,0
U02229,2024-05-14,1,0,0,0
U02230,2024-05-14,0,0,0,0
U02231,2024-05-14,1,0,0,0
U02232,2024-05-14,0,0,0,0
U02233,2024-05-14,0,0,0,0
U02234,2024-05-14,0,0,0,0
U02235,2024-05-14,0,0,0,0
U02236,2024-05-14,0,0,0,0
U02237,2024-05-15,1,0,0,0
U02238,2024-05-15,1,0,0,0
U02239,2024-05-15,1,1,6,1
U02240,2024-05-15,0,0,0,0
U02241,2024-05-15,1,0,0,0
U02242,2024-05-15,0,0,0,0
U02243,2024-05-15,0,0,0,0
U02244,2024-05-15,0,0,0,0
U02245,2024-05-15,0,0,0,0
U02246,2024-05-15,1,0,0,0
U02247,2024-05-15,0,0,0,0
U02248,2024-05-15,0,0,0,0
U02249,2024-05-15,1,0,0,0
U02250,2024-05-15,1,0,0,0
U02251,2024-05-15,0,0,0,0
U02252,2024-05-15,0,0,0,0
U02253,2024-05-15,0,0,0,0
U02254,2024-05-16,0,0,0,0
U02255,2024-05-16,0,0,0,0
U02256,2024-05-16,0,0,0,0
U02257,2024-05-16,0,0,0,0
U02258,2024-05-16,1,0,0,0
U02259,2024-05-16,0,0,0,0
U02260,2024-05-16,0,0,0,0
U02261,2024-05-16,0,0,0,0
U02262,2024-05-16,0,0,0,0
U02263,2024-05-16,0,0,0,0
U02264,2024-05-16,0,0,0,0
U02265,2024-05-16,0,0,0,0
U02266,2024-05-16,0,0,0,0
U02267,2024-05-16,0,0,0,0
U02268,2024-05-16,1,0,0,0
U02269,2024-05-16,0,0,0,0
U02270,2024-05-17,1,1,9,1
U02271,2024-05-17,1,0,0,0
U02272,2024-05-17,0,0,0,0
U02273,2024-05-17,0,0,0,0
U02274,2024-05-17,0,0,0,0
U02275,2024-05-17,0,0,0,0
U02276,2024-05-17,0,0,0,0
U02277,2024-05-17,0,0,0,0
U02278,2024-05-17,0,0,0,0
U02279,2024-05-17,1,0,0,0
U02280,2024-05-17,1,0,0,0
U02281,2024-05-17,1,1,4,1
U02282,2024-05-17,0,0,0,0
U02283,2024-05-17,1,0,0,0
U02284,2024-05-17,1,1,8,1
U02285,2024-05-17,1,1,12,1
U02286,2024-05-17,0,0,0,0
U02287,2024-05-18,1,1,5,1
U02288,2024-05-18,0,0,0,0
U02289,2024-05-18,1,1,2,0
U02290,2024-05-18,0,0,0,0
U02291,2024-05-18,1,0,0,0
U02292,2024-05-18,1,0,0,0
U02293,2024-05-18,0,0,0,0
U02294,2024-05-18,1,0,0,0
U02295,2024-05-18,1,0,0,0
U02296,2024-05-18,1,1,3,1
U02297,2024-05-18,1,0,0,0
U02298,2024-05-18,1,0,0,0
U02299,2024-05-18,1,0,0,0
U02300,2024-05-18,0,0,0,0
U02301,2024-05-18,0,0,0,0
U02302,2024-05-18,0,0,0,0
U02303,2024-05-18,1,0,0,0
U02304,2024-05-19,0,0,0,0
U02305,2024-05-19,1,0,0,0
U02306,2024-05-19,1,1,2,0
U02307,2024-05-19,0,0,0,0
U02308,2024-05-19,1,0,0,0
U02309,2024-05-19,1,1,3,1
U02310,2024-05-19,0,0,0,0
U02311,2024-05-19,0,0,0,0
U02312,2024-05-19,0,0,0,0
U02313,2024-05-19,0,0,0,0
U02314,2024-05-19,0,0,0,0
U02315,2024-05-19,1,0,0,0
U02316,2024-05-19,1,0,0,0
U02317,2024-05-19,1,0,0,0
U02318,2024-05-19,0,0,0,0
U02319,2024-05-19,0,0,0,0
U02320,2024-05-20,0,0,0,0
U02321,2024-05-20,0,0,0,0
U02322,2024-05-20,0,0,0,0
U02323,2024-05-20,1,1,3,1
U02324,2024-05-20,0,0,0,0
U02325,2024-05-20,0,0,0,0
U02326,2024-05-20,0,0,0,0
U02327,2024-05-20,1,0,0,0
U02328,2024-05-20,0,0,0,0
U02329,2024-05-20,1,1,5,0
U02330,2024-05-20,1,0,0,0
U02331,2024-05-20,1,1,6,1
U02332,2024-05-20,0,0,0,0
U02333,2024-05-20,0,0,0,0
U02334,2024-05-20,1,1,4,1
U02335,2024-05-20,1,0,0,0
U02336,2024-05-20,0,0,0,0
U02337,2024-05-21,1,0,0,0
U02338,2024-05-21,1,1,6,1
U02339,2024-05-21,0,0,0,0
U02340,2024-05-21,0,0,0,0
U02341,2024-05-21,1,1,2,1
U02342,2024-05-21,1,0,0,0
U02343,2024-05-21,1,0,0,0
U02344,2024-05-21,0,0,0,0
U02345,2024-05-21,0,0,0,0
U02346,2024-05-21,0,0,0,0
U02347,2024-05-21,1,0,0,0
U02348,2024-05-21,0,0,0,0
U02349,2024-05-21,1,1,2,1
U02350,2024-05-21,0,0,0,0
U02351,2024-05-21,0,0,0,0
U02352,2024-05-21,0,0,0,0
U02353,2024-05-22,0,0,0,0
U02354,2024-05-22,0,0,0,0
U02355,2024-05-22,1,0,0,0
U02356,2024-05-22,0,0,0,0
U02357,2024-05-22,1,1,2,1
U02358,2024-05-22,0,0,0,0
U02359,2024-05-22,1,1,5,1
U02360,2024-05-22,1,0,0,0
U02361,2024-05-22,0,0,0,0
U02362,2024-05-22,1,0,0,0
U02363,2024-05-22,0,0,0,0
U02364,2024-05-22,0,0,0,0
U02365,2024-05-22,1,1,3,1
U02366,2024-05-22,1,1,3,0
U02367,2024-05-22,0,0,0,0
U02368,2024-05-22,1,1,4,1
U02369,2024-05-22,0,0,0,0
U02370,2024-05-23,0,0,0,0
U02371,2024-05-23,0,0,0,0
U02372,2024-05-23,0,0,0,0
U02373,2024-05-23,0,0,0,0
U02374,2024-05-23,0,0,0,0
U02375,2024-05-23,1,0,0,0
U02376,2024-05-23,1,0,0,0
U02377,2024-05-23,0,0,0,0
U02378,2024-05-23,0,0,0,0
U02379,2024-05-23,0,0,0,0
U02380,2024-05-23,0,0,0,0
U02381,2024-05-23,0,0,0,0
U02382,2024-05-23,0,0,0,0
U02383,2024-05-23,0,0,0,0
U02384,2024-05-23,1,1,9,1
U02385,2024-05-23,0,0,0,0
U02386,2024-05-24,1,1,1,1
U02387,2024-05-24,0,0,0,0
U02388,2024-05-24,0,0,0,0
U02389,2024-05-24,0,0,0,0
U02390,2024-05-24,1,0,0,0
U02391,2024-05-24,1,0,0,0
U02392,2024-05-24,0,0,0,0
U02393,2024-05-24,1,0,0,0
U02394,2024-05-24,0,0,0,0
U02395,2024-05-24,1,1,6,1
U02396,2024-05-24,1,1,6,1
U02397,2024-05-24,1,0,0,0
U02398,2024-05-24,0,0,0,0
U02399,2024-05-24,0,0,0,0
U02400,2024-05-24,1,0,0,0
U02401,2024-05-24,1,1,8,1
U02402,2024-05-24,0,0,0,0
U02403,2024-05-25,1,0,0,0
U02404,2024-05-25,0,0,0,0
U02405,2024-05-25,0,0,0,0
U02406,2024-05-25,1,1,12,1
U02407,2024-05-25,1,0,0,0
U02408,2024-05-25,0,0,0,0
U02409,2024-05-25,0,0,0,0
U02410,2024-05-25,0,0,0,0
U02411,2024-05-25,1,1,1,1
U02412,2024-05-25,0,0,0,0
U02413,2024-05-25,1,1,2,1
U02414,2024-05-25,0,0,0,0
U02415,2024-05-25,0,0,0,0
U02416,2024-05-25,1,0,0,0
U02417,2024-05-25,1,0,0,0
U02418,2024-05-25,1,0,0,0
U02419,2024-05-25,1,0,0,0
U02420,2024-05-26,1,1,11,0
U02421,2024-05-26,1,0,0,0
U02422,2024-05-26,0,0,0,0
U02423,2024-05-26,0,0,0,0
U02424,2024-05-26,1,1,4,1
U02425,2024-05-26,0,0,0,0
U02426,2024-05-26,1,0,0,0
U02427,2024-05-26,0,0,0,0
U02428,2024-05-26,1,0,0,0
U02429,2024-05-26,0,0,0,0
U02430,2024-05-26,0,0,0,0
U02431,2024-05-26,0,0,0,0
U02432,2024-05-26,0,0,0,0
U02433,2024-05-26,1,0,0,0
U02434,2024-05-26,0,0,0,0
U02435,2024-05-26,1,1,5,1
U02436,2024-05-27,1,0,0,0
U02437,2024-05-27,1,0,0,0
U02438,2024-05-27,0,0,0,0
U02439,2024-05-27,1,0,0,0
U02440,2024-05-27,0,0,0,0
U02441,2024-05-27,0,0,0,0
U02442,2024-05-27,0,0,0,0
U02443,2024-05-27,0,0,0,0
U02444,2024-05-27,0,0,0,0
U02445,2024-05-27,1,1,6,1
U02446,2024-05-27,1,1,7,1
U02447,2024-05-27,1,0,0,0
U02448,2024-05-27,1,0,0,0
U02449,2024-05-27,1,1,12,0
U02450,2024-05-27,1,0,0,0
U02451,2024-05-27,0,0,0,0
U02452,2024-05-27,0,0,0,0
U02453,2024-05-28,1,1,12,1
U02454,2024-05-28,0,0,0,0
U02455,2024-05-28,1,0,0,0
U02456,2024-05-28,0,0,0,0
U02457,2024-05-28,0,0,0,0
U02458,2024-05-28,0,0,0,0
U02459,2024-05-28,0,0,0,0
U02460,2024-05-28,0,0,0,0
U02461,2024-05-28,0,0,0,0
U02462,2024-05-28,0,0,0,0
U02463,2024-05-28,0,0,0,0
U02464,2024-05-28,0,0,0,0
U02465,2024-05-28,1,1,7,1
U02466,2024-05-28,1,1,3,1
U02467,2024-05-28,1,0,0,0
U02468,2024-05-28,0,0,0,0
U02469,2024-05-29,0,0,0,0
U02470,2024-05-29,1,1,10,1
U02471,2024-05-29,0,0,0,0
U02472,2024-05-29,0,0,0,0
U02473,2024-05-29,0,0,0,0
U02474,2024-05-29,0,0,0,0
U02475,2024-05-29,0,0,0,0
U02476,2024-05-29,1,0,0,0
U02477,2024-05-29,0,0,0,0
U02478,2024-05-29,1,0,0,0
U02479,2024-05-29,0,0,0,0
U02480,2024-05-29,1,1,1,1
U02481,2024-05-29,0,0,0,0
U02482,2024-05-29,0,0,0,0
U02483,2024-05-29,1,0,0,0
U02484,2024-05-29,0,0,0,0
U02485,2024-05-29,0,0,0,0
U02486,2024-05-30,0,0,0,0
U02487,2024-05-30,0,0,0,0
U02488,2024-05-30,0,0,0,0
U02489,2024-05-30,1,0,0,0
U02490,2024-05-30,1,1,3,1
U02491,2024-05-30,1,0,0,0
U02492,2024-05-30,0,0,0,0
U02493,2024-05-30,1,0,0,0
U02494,2024-05-30,0,0,0,0
U02495,2024-05-30,0,0,0,0
U02496,2024-05-30,0,0,0,0
U02497,2024-05-30,0,0,0,0
U02498,2024-05-30,0,0,0,0
U02499,2024-05-30,0,0,0,0
U02500,2024-05-30,0,0,0,0
U02501,2024-05-30,0,0,0,0
U02502,2024-05-31,0,0,0,0
U02503,2024-05-31,0,0,0,0
U02504,2024-05-31,1,0,0,0
U02505,2024-05-31,1,1,11,0
U02506,2024-05-31,0,0,0,0
U02507,2024-05-31,0,0,0,0
U02508,2024-05-31,0,0,0,0
U02509,2024-05-31,0,0,0,0
U02510,2024-05-31,1,1,3,1
U02511,2024-05-31,0,0,0,0
U02512,2024-05-31,0,0,0,0
U02513,2024-05-31,0,0,0,0
U02514,2024-05-31,0,0,0,0
U02515,2024-05-31,0,0,0,0
U02516,2024-05-31,1,1,3,0
U02517,2024-05-31,0,0,0,0
U02518,2024-05-31,0,0,0,0
U02519,2024-06-01,0,0,0,0
U02520,2024-06-01,0,0,0,0
U02521,2024-06-01,1,0,0,0
U02522,2024-06-01,1,0,0,0
U02523,2024-06-01,1,0,0,0
U02524,2024-06-01,0,0,0,0
U02525,2024-06-01,1,1,2,1
U02526,2024-06-01,1,1,10,1
U02527,2024-06-01,0,0,0,0
U02528,2024-06-01,1,0,0,0
U02529,2024-06-01,0,0,0,0
U02530,2024-06-01,0,0,0,0
U02531,2024-06-01,0,0,0,0
U02532,2024-06-01,1,0,0,0
U02533,2024-06-01,1,1,5,1
U02534,2024-06-01,0,0,0,0
U02535,2024-06-01,0,0,0,0
U02536,2024-06-02,0,0,0,0
U02537,2024-06-02,1,0,0,0
U02538,2024-06-02,0,0,0,0
U02539,2024-06-02,0,0,0,0
U02540,2024-06-02,0,0,0,0
U02541,2024-06-02,0,0,0,0
U02542,2024-06-02,0,0,0,0
U02543,2024-06-02,0,0,0,0
U02544,2024-06-02,1,1,7,1
U02545,2024-06-02,0,0,0,0
U02546,2024-06-02,1,0,0,0
U02547,2024-06-02,0,0,0,0
U02548,2024-06-02,0,0,0,0
U02549,2024-06-02,1,0,0,0
U02550,2024-06-02,1,1,3,1
U02551,2024-06-02,1,1,8,1
U02552,2024-06-03,0,0,0,0
U02553,2024-06-03,0,0,0,0
U02554,2024-06-03,1,0,0,0
U02555,2024-06-03,0,0,0,0
U02556,2024-06-03,0,0,0,0
U02557,2024-06-03,1,1,8,1
U02558,2024-06-03,1,0,0,0
U02559,2024-06-03,0,0,0,0
U02560,2024-06-03,0,0,0,0
U02561,2024-06-03,0,0,0,0
U02562,2024-06-03,1,0,0,0
U02563,2024-06-03,1,0,0,0
U02564,2024-06-03,0,0,0,0
U02565,2024-06-03,1,0,0,0
U02566,2024-06-03,1,0,0,0
U02567,2024-06-03,1,1,3,1
U02568,2024-06-03,0,0,0,0
U02569,2024-06-04,0,0,0,0
U02570,2024-06-04,0,0,0,0
U02571,2024-06-04,0,0,0,0
U02572,2024-06-04,1,0,0,0
U02573,2024-06-04,0,0,0,0
U02574,2024-06-04,1,0,0,0
U02575,2024-06-04,0,0,0,0
U02576,2024-06-04,0,0,0,0
U02577,2024-06-04,0,0,0,0
U02578,2024-06-04,1,0,0,0
U02579,2024-06-04,0,0,0,0
U02580,2024-06-04,1,1,4,1
U02581,2024-06-04,0,0,0,0
U02582,2024-06-04,0,0,0,0
U02583,2024-06-04,0,0,0,0
U02584,2024-06-04,0,0,0,0
U02585,2024-06-05,0,0,0,0
U02586,2024-06-05,1,1,2,1
U02587,2024-06-05,0,0,0,0
U02588,2024-06-05,1,0,0,0
U02589,2024-06-05,0,0,0,0
U02590,2024-06-05,0,0,0,0
U02591,2024-06-05,0,0,0,0
U02592,2024-06-05,0,0,0,0
U02593,2024-06-05,0,0,0,0
U02594,2024-06-05,1,1,12,1
U02595,2024-06-05,0,0,0,0
U02596,2024-06-05,1,0,0,0
U02597,2024-06-05,0,0,0,0
U02598,2024-06-05,1,0,0,0
U02599,2024-06-05,1,0,0,0
U02600,2024-06-05,0,0,0,0
U02601,2024-06-05,1,0,0,0
U02602,2024-06-06,0,0,0,0
U02603,2024-06-06,1,0,0,0
U02604,2024-06-06,1,0,0,0
U02605,2024-06-06,0,0,0,0
U02606,2024-06-06,1,1,6,1
U02607,2024-06-06,1,0,0,0
U02608,2024-06-06,0,0,0,0
U02609,2024-06-06,1,0,0,0
U02610,2024-06-06,0,0,0,0
U02611,2024-06-06,1,0,0,0
U02612,2024-06-06,1,0,0,0
U02613,2024-06-06,0,0,0,0
U02614,2024-06-06,1,1,12,1
U02615,2024-06-06,1,0,0,0
U02616,2024-06-06,1,0,0,0
U02617,2024-06-06,1,1,3,1
U02618,2024-06-07,0,0,0,0
U02619,2024-06-07,1,0,0,0
U02620,2024-06-07,0,0,0,0
U02621,2024-06-07,0,0,0,0
U02622,2024-06-07,0,0,0,0
U02623,2024-06-07,0,0,0,0
U02624,2024-06-07,1,0,0,0
U02625,2024-06-07,0,0,0,0
U02626,2024-06-07,1,0,0,0
U02627,2024-06-07,0,0,0,0
U02628,2024-06-07,0,0,0,0
U02629,2024-06-07,1,0,0,0
U02630,2024-06-07,0,0,0,0
U02631,2024-06-07,0,0,0,0
U02632,2024-06-07,1,0,0,0
U02633,2024-06-07,1,1,8,0
U02634,2024-06-07,0,0,0,0
U02635,2024-06-08,0,0,0,0
U02636,2024-06-08,0,0,0,0
U02637,2024-06-08,0,0,0,0
U02638,2024-06-08,0,0,0,0
U02639,2024-06-08,0,0,0,0
U02640,2024-06-08,1,0,0,0
U02641,2024-06-08,1,1,8,1
U02642,2024-06-08,0,0,0,0
U02643,2024-06-08,0,0,0,0
U02644,2024-06-08,1,0,0,0
U02645,2024-06-08,1,0,0,0
U02646,2024-06-08,0,0,0,0
U02647,2024-06-08,0,0,0,0
U02648,2024-06-08,0,0,0,0
U02649,2024-06-08,0,0,0,0
U02650,2024-06-08,1,1,7,1
U02651,2024-06-08,1,1,12,0
U02652,2024-06-09,1,0,0,0
U02653,2024-06-09,1,1,4,1
U02654,2024-06-09,0,0,0,0
U02655,2024-06-09,0,0,0,0
U02656,2024-06-09,0,0,0,0
U02657,2024-06-09,0,0,0,0
U02658,2024-06-09,1,0,0,0
U02659,2024-06-09,0,0,0,0
U02660,2024-06-09,0,0,0,0
U02661,2024-06-09,0,0,0,0
U02662,2024-06-09,1,1,2,0
U02663,2024-06-09,0,0,0,0
U02664,2024-06-09,0,0,0,0
U02665,2024-06-09,1,1,6,1
U02666,2024-06-09,1,0,0,0
U02667,2024-06-09,0,0,0,0
U02668,2024-06-10,0,0,0,0
U02669,2024-06-10,1,0,0,0
U02670,2024-06-10,0,0,0,0
U02671,2024-06-10,1,0,0,0
U02672,2024-06-10,0,0,0,0
U02673,2024-06-10,1,1,7,1
U02674,2024-06-10,0,0,0,0
U02675,2024-06-10,1,0,0,0
U02676,2024-06-10,1,0,0,0
U02677,2024-06-10,1,0,0,0
U02678,2024-06-10,1,0,0,0
U02679,2024-06-10,0,0,0,0
U02680,2024-06-10,1,0,0,0
U02681,2024-06-10,0,0,0,0
U02682,2024-06-10,1,0,0,0
U02683,2024-06-10,1,1,5,1
U02684,2024-06-10,1,0,0,0
U02685,2024-06-11,1,1,2,1
U02686,2024-06-11,1,0,0,0
U02687,2024-06-11,0,0,0,0
U02688,2024-06-11,0,0,0,0
U02689,2024-06-11,0,0,0,0
U02690,2024-06-11,0,0,0,0
U02691,2024-06-11,0,0,0,0
U02692,2024-06-11,1,1,5,1
U02693,2024-06-11,0,0,0,0
U02694,2024-06-11,0,0,0,0
U02695,2024-06-11,0,0,0,0
U02696,2024-06-11,0,0,0,0
U02697,2024-06-11,1,0,0,0
U02698,2024-06-11,0,0,0,0
U02699,2024-06-11,0,0,0,0
U02700,2024-06-11,0,0,0,0
U02701,2024-06-12,0,0,0,0
U02702,2024-06-12,1,0,0,0
U02703,2024-06-12,1,1,3,1
U02704,2024-06-12,0,0,0,0
U02705,2024-06-12,0,0,0,0
U02706,2024-06-12,1,1,4,1
U02707,2024-06-12,1,1,6,1
U02708,2024-06-12,1,0,0,0
U02709,2024-06-12,1,0,0,0
U02710,2024-06-12,0,0,0,0
U02711,2024-06-12,0,0,0,0
U02712,2024-06-12,1,1,7,1
U02713,2024-06-12,1,0,0,0
U02714,2024-06-12,1,1,3,1
U02715,2024-06-12,1,0,0,0
U02716,2024-06-12,0,0,0,0
U02717,2024-06-12,0,0,0,0
U02718,2024-06-13,0,0,0,0
U02719,2024-06-13,1,0,0,0
U02720,2024-06-13,0,0,0,0
U02721,2024-06-13,0,0,0,0
U02722,2024-06-13,0,0,0,0
U02723,2024-06-13,0,0,0,0
U02724,2024-06-13,1,1,4,1
U02725,2024-06-13,1,0,0,0
U02726,2024-06-13,1,1,3,1
U02727,2024-06-13,1,1,2,0
U02728,2024-06-13,1,1,8,1
U02729,2024-06-13,0,0,0,0
U02730,2024-06-13,0,0,0,0
U02731,2024-06-13,0,0,0,0
U02732,2024-06-13,1,1,11,0
U02733,2024-06-13,0,0,0,0
U02734,2024-06-14,0,0,0,0
U02735,2024-06-14,0,0,0,0
U02736,2024-06-14,0,0,0,0
U02737,2024-06-14,0,0,0,0
U02738,2024-06-14,0,0,0,0
U02739,2024-06-14,1,0,0,0
U02740,2024-06-14,1,0,0,0
U02741,2024-06-14,1,0,0,0
U02742,2024-06-14,1,1,4,1
U02743,2024-06-14,1,1,8,1
U02744,2024-06-14,0,0,0,0
U02745,2024-06-14,0,0,0,0
U02746,2024-06-14,0,0,0,0
U02747,2024-06-14,1,0,0,0
U02748,2024-06-14,0,0,0,0
U02749,2024-06-14,0,0,0,0
U02750,2024-06-14,1,0,0,0
U02751,2024-06-15,0,0,0,0
U02752,2024-06-15,1,1,11,1
U02753,2024-06-15,1,0,0,0
U02754,2024-06-15,0,0,0,0
U02755,2024-06-15,1,0,0,0
U02756,2024-06-15,0,0,0,0
U02757,2024-06-15,0,0,0,0
U02758,2024-06-15,0,0,0,0
U02759,2024-06-15,1,0,0,0
U02760,2024-06-15,1,0,0,0
U02761,2024-06-15,1,1,9,1
U02762,2024-06-15,0,0,0,0
U02763,2024-06-15,0,0,0,0
U02764,2024-06-15,1,1,2,1
U02765,2024-06-15,0,0,0,0
U02766,2024-06-15,0,0,0,0
U02767,2024-06-15,1,0,0,0
U02768,2024-06-16,0,0,0,0
U02769,2024-06-16,0,0,0,0
U02770,2024-06-16,1,1,12,1
U02771,2024-06-16,1,0,0,0
U02772,2024-06-16,0,0,0,0
U02773,2024-06-16,0,0,0,0
U02774,2024-06-16,0,0,0,0
U02775,2024-06-16,0,0,0,0
U02776,2024-06-16,1,0,0,0
U02777,2024-06-16,1,1,4,1
U02778,2024-06-16,0,0,0,0
U02779,2024-06-16,1,0,0,0
U02780,2024-06-16,1,1,3,1
U02781,2024-06-16,0,0,0,0
U02782,2024-06-16,0,0,0,0
U02783,2024-06-16,0,0,0,0
U02784,2024-06-17,0,0,0,0
U02785,2024-06-17,1,0,0,0
U02786,2024-06-17,0,0,0,0
U02787,2024-06-17,1,0,0,0
U02788,2024-06-17,0,0,0,0
U02789,2024-06-17,0,0,0,0
U02790,2024-06-17,0,0,0,0
U02791,2024-06-17,0,0,0,0
U02792,2024-06-17,0,0,0,0
U02793,2024-06-17,1,0,0,0
U02794,2024-06-17,0,0,0,0
U02795,2024-06-17,0,0,0,0
U02796,2024-06-17,1,0,0,0
U02797,2024-06-17,0,0,0,0
U02798,2024-06-17,0,0,0,0
U02799,2024-06-17,1,0,0,0
U02800,2024-06-17,0,0,0,0
U02801,2024-06-18,0,0,0,0
U02802,2024-06-18,0,0,0,0
U02803,2024-06-18,0,0,0,0
U02804,2024-06-18,0,0,0,0
U02805,2024-06-18,0,0,0,0
U02806,2024-06-18,0,0,0,0
U02807,2024-06-18,1,0,0,0
U02808,2024-06-18,0,0,0,0
U02809,2024-06-18,0,0,0,0
U02810,2024-06-18,1,0,0,0
U02811,2024-06-18,0,0,0,0
U02812,2024-06-18,0,0,0,0
U02813,2024-06-18,1,1,2,1
U02814,2024-06-18,0,0,0,0
U02815,2024-06-18,0,0,0,0
U02816,2024-06-18,0,0,0,0
U02817,2024-06-19,1,1,5,1
U02818,2024-06-19,1,1,2,1
U02819,2024-06-19,1,1,3,1
U02820,2024-06-19,0,0,0,0
U02821,2024-06-19,1,0,0,0
U02822,2024-06-19,0,0,0,0
U02823,2024-06-19,1,0,0,0
U02824,2024-06-19,1,0,0,0
U02825,2024-06-19,0,0,0,0
U02826,2024-06-19,0,0,0,0
U02827,2024-06-19,1,1,3,1
U02828,2024-06-19,0,0,0,0
U02829,2024-06-19,1,0,0,0
U02830,2024-06-19,0,0,0,0
U02831,2024-06-19,0,0,0,0
U02832,2024-06-19,1,1,9,1
U02833,2024-06-19,1,0,0,0
U02834,2024-06-20,1,0,0,0
U02835,2024-06-20,0,0,0,0
U02836,2024-06-20,0,0,0,0
U02837,2024-06-20,1,1,10,1
U02838,2024-06-20,0,0,0,0
U02839,2024-06-20,1,1,3,1
U02840,2024-06-20,1,1,10,1
U02841,2024-06-20,0,0,0,0
U02842,2024-06-20,0,0,0,0
U02843,2024-06-20,0,0,0,0
U02844,2024-06-20,0,0,0,0
U02845,2024-06-20,1,0,0,0
U02846,2024-06-20,0,0,0,0
U02847,2024-06-20,1,0,0,0
U02848,2024-06-20,0,0,0,0
U02849,2024-06-20,1,0,0,0
U02850,2024-06-21,0,0,0,0
U02851,2024-06-21,1,1,10,1
U02852,2024-06-21,1,0,0,0
U02853,2024-06-21,0,0,0,0
U02854,2024-06-21,1,0,0,0
U02855,2024-06-21,0,0,0,0
U02856,2024-06-21,1,0,0,0
U02857,2024-06-21,1,1,8,1
U02858,2024-06-21,1,1,2,1
U02859,2024-06-21,1,0,0,0
U02860,2024-06-21,0,0,0,0
U02861,2024-06-21,1,0,0,0
U02862,2024-06-21,0,0,0,0
U02863,2024-06-21,0,0,0,0
U02864,2024-06-21,0,0,0,0
U02865,2024-06-21,0,0,0,0
U02866,2024-06-21,0,0,0,0
U02867,2024-06-22,0,0,0,0
U02868,2024-06-22,1,1,7,0
U02869,2024-06-22,1,1,12,0
U02870,2024-06-22,0,0,0,0
U02871,2024-06-22,0,0,0,0
U02872,2024-06-22,0,0,0,0
U02873,2024-06-22,0,0,0,0
U02874,2024-06-22,0,0,0,0
U02875,2024-06-22,0,0,0,0
U02876,2024-06-22,0,0,0,0
U02877,2024-06-22,1,0,0,0
U02878,2024-06-22,0,0,0,0
U02879,2024-06-22,1,0,0,0
U02880,2024-06-22,1,0,0,0
U02881,2024-06-22,0,0,0,0
U02882,2024-06-22,1,0,0,0
U02883,2024-06-22,1,0,0,0
U02884,2024-06-23,1,1,7,1
U02885,2024-06-23,0,0,0,0
U02886,2024-06-23,0,0,0,0
U02887,2024-06-23,0,0,0,0
U02888,2024-06-23,0,0,0,0
U02889,2024-06-23,0,0,0,0
U02890,2024-06-23,1,0,0,0
U02891,2024-06-23,0,0,0,0
U02892,2024-06-23,0,0,0,0
U02893,2024-06-23,0,0,0,0
U02894,2024-06-23,1,0,0,0
U02895,2024-06-23,0,0,0,0
U02896,2024-06-23,0,0,0,0
U02897,2024-06-23,1,0,0,0
U02898,2024-06-23,0,0,0,0
U02899,2024-06-23,1,0,0,0
U02900,2024-06-24,1,1,3,1
U02901,2024-06-24,0,0,0,0
U02902,2024-06-24,1,1,5,1
U02903,2024-06-24,0,0,0,0
U02904,2024-06-24,0,0,0,0
U02905,2024-06-24,1,1,6,1
U02906,2024-06-24,0,0,0,0
U02907,2024-06-24,1,1,5,1
U02908,2024-06-24,1,1,2,1
U02909,2024-06-24,1,0,0,0
U02910,2024-06-24,1,0,0,0
U02911,2024-06-24,1,0,0,0
U02912,2024-06-24,0,0,0,0
U02913,2024-06-24,0,0,0,0
U02914,2024-06-24,1,0,0,0
U02915,2024-06-24,0,0,0,0
U02916,2024-06-24,0,0,0,0
U02917,2024-06-25,0,0,0,0
U02918,2024-06-25,0,0,0,0
U02919,2024-06-25,1,0,0,0
U02920,2024-06-25,1,0,0,0
U02921,2024-06-25,0,0,0,0
U02922,2024-06-25,0,0,0,0
U02923,2024-06-25,1,0,0,0
U02924,2024-06-25,1,1,3,0
U02925,2024-06-25,0,0,0,0
U02926,2024-06-25,0,0,0,0
U02927,2024-06-25,0,0,0,0
U02928,2024-06-25,0,0,0,0
U02929,2024-06-25,1,1,8,1
U02930,2024-06-25,0,0,0,0
U02931,2024-06-25,0,0,0,0
U02932,2024-06-25,1,0,0,0
U02933,2024-06-26,0,0,0,0
U02934,2024-06-26,0,0,0,0
U02935,2024-06-26,1,0,0,0
U02936,2024-06-26,0,0,0,0
U02937,2024-06-26,0,0,0,0
U02938,2024-06-26,0,0,0,0
U02939,2024-06-26,1,0,0,0
U02940,2024-06-26,1,1,10,1
U02941,2024-06-26,0,0,0,0
U02942,2024-06-26,1,1,2,1
U02943,2024-06-26,0,0,0,0
U02944,2024-06-26,0,0,0,0
U02945,2024-06-26,1,0,0,0
U02946,2024-06-26,0,0,0,0
U02947,2024-06-26,0,0,0,0
U02948,2024-06-26,1,1,12,1
U02949,2024-06-26,0,0,0,0
U02950,2024-06-27,0,0,0,0
U02951,2024-06-27,0,0,0,0
U02952,2024-06-27,0,0,0,0
U02953,2024-06-27,0,0,0,0
U02954,2024-06-27,0,0,0,0
U02955,2024-06-27,0,0,0,0
U02956,2024-06-27,0,0,0,0
U02957,2024-06-27,0,0,0,0
U02958,2024-06-27,1,0,0,0
U02959,2024-06-27,0,0,0,0
U02960,2024-06-27,1,0,0,0
U02961,2024-06-27,1,0,0,0
U02962,2024-06-27,1,0,0,0
U02963,2024-06-27,0,0,0,0
U02964,2024-06-27,0,0,0,0
U02965,2024-06-27,0,0,0,0
U02966,2024-06-28,0,0,0,0
U02967,2024-06-28,0,0,0,0
U02968,2024-06-28,0,0,0,0
U02969,2024-06-28,0,0,0,0
U02970,2024-06-28,1,0,0,0
U02971,2024-06-28,1,0,0,0
U02972,2024-06-28,0,0,0,0
U02973,2024-06-28,0,0,0,0
U02974,2024-06-28,1,0,0,0
U02975,2024-06-28,1,0,0,0
U02976,2024-06-28,0,0,0,0
U02977,2024-06-28,1,1,3,1
U02978,2024-06-28,0,0,0,0
U02979,2024-06-28,0,0,0,0
U02980,2024-06-28,0,0,0,0
U02981,2024-06-28,1,1,6,0
U02982,2024-06-28,0,0,0,0
U02983,2024-06-29,0,0,0,0
U02984,2024-06-29,0,0,0,0
U02985,2024-06-29,0,0,0,0
U02986,2024-06-29,1,1,8,1
U02987,2024-06-29,0,0,0,0
U02988,2024-06-29,0,0,0,0
U02989,2024-06-29,0,0,0,0
U02990,2024-06-29,1,0,0,0
U02991,2024-06-29,0,0,0,0
U02992,2024-06-29,0,0,0,0
U02993,2024-06-29,1,0,0,0
U02994,2024-06-29,1,0,0,0
U02995,2024-06-29,0,0,0,0
U02996,2024-06-29,1,1,9,1
U02997,2024-06-29,1,1,12,1
U02998,2024-06-29,1,0,0,0
U02999,2024-06-30,0,0,0,0
